ContractAddress,LLOC,CBO,WMC,SWC-0,SWC-101,SWC-104,SWC-105,SWC-106,SWC-107,SWC-110,SWC-112,SWC-113,SWC-114,SWC-115,SWC-116,SWC-120,SWC-124,SWC-127,SWC-128,SWC-997,SWC-998,SWC-999
0xaf4dce16da2877f8c9e00544c93b62ac40631f16,90,0,936,4,0,0,0,0,0,3,0,0,0,0,4,0,0,0,0,0,0,0
0x999967e2ec8a74b7c8e9db19e039d920b31d39d0,151,27,526,3,5,1,0,0,2,1,0,0,1,0,0,0,0,0,0,0,0,0
0xc07a150ecadf2cc352f5586396e344a6b17625eb,298,30,2627,3,0,1,0,0,0,0,0,0,0,0,0,0,0,0,0,0,0,0
0x2af5d2ad76741191d15dfe7bf6ac92d4bd912ca3,114,98,68,3,3,1,0,0,3,0,0,0,0,0,0,0,0,0,0,0,0,0
0x06f3c323f0238c72bf35011071f2b5b7f43a054c,175,0,1451,4,0,0,0,0,0,0,0,0,0,0,0,0,0,0,0,0,0,0
0xfb782396c9b20e564a64896181c7ac8d8979d5f4,135,0,1520,4,0,0,0,0,0,0,0,0,0,0,0,0,0,0,0,0,0,0
0x68037790a0229e9ce6eaa8a99ea92964106c4703,341,120,4464,3,2,0,0,0,1,0,0,0,0,0,0,0,0,0,0,0,0,0
0x4cf488387f035ff08c371515562cba712f9015d4,183,22,680,2,0,1,0,0,2,1,0,0,2,0,0,0,0,0,0,0,0,0
0x3883f5e181fccaf8410fa61e12b59bad963fb645,129,0,867,4,0,0,0,0,0,0,0,0,0,0,0,4,0,0,0,0,0,0
0x744d70fdbe2ba4cf95131626614a1763df805b9e,856,1929,24652,3,4,1,0,0,2,26,0,0,1,0,0,0,0,0,0,0,0,0
0xd794dd1cada4cf79c9eebaab8327a1b0507ef7d4,531,62,5619,2,3,1,0,0,3,0,0,0,0,0,0,0,0,0,0,0,0,0
0x97a42154b194d1b6d4d5046f744e627ad6d7af4d,159,0,1902,4,2,0,0,0,0,0,0,0,0,0,0,0,0,0,0,0,0,0
0x2260fac5e5542a773aa44fbcfedf7c193bc2c599,343,67,1242,2,3,1,0,0,3,0,0,0,0,0,0,0,0,0,0,0,0,1
0x0d438f3b5175bebc262bf23753c1e53d03432bde,369,174,3256,2,7,1,0,0,8,0,0,0,0,0,5,0,0,0,0,0,2,0
0xd31695a1d35e489252ce57b129fd4b1b05e6acac,104,0,408,4,0,0,0,0,0,6,0,0,0,0,0,0,0,0,0,0,0,0
0x0cdf9acd87e940837ff21bb40c9fd55f68bba059,175,0,2745,4,0,0,0,0,0,0,0,0,0,0,0,0,0,0,0,0,0,0
0x6b9f031d718dded0d681c20cb754f97b3bb81b78,170,0,2761,2,11,1,0,0,3,0,0,0,0,0,0,0,0,0,0,0,0,0
0xbbbbbbb5aa847a2003fbc6b5c16df0bd1e725f61,254,0,7514,4,0,0,0,0,0,0,0,0,0,0,0,1,0,0,0,0,0,0
0x8bd135bb2543955045ca8859c05033d07636d963,100,0,816,4,0,0,0,0,0,0,0,0,0,0,0,0,0,0,0,0,0,0
0x090185f2135308bad17527004364ebcc2d37e5f6,187,0,1028,4,4,0,0,0,0,0,0,0,0,0,2,0,0,0,0,0,0,0
0x9a0b66691d935dee94dd0c5654959492d1cf3ac8,231,30,1639,4,1,0,0,0,0,0,0,0,0,0,2,0,0,0,0,0,0,0
0xdac17f958d2ee523a2206206994597c13d831ec7,250,0,2192,2,4,1,0,0,6,2,0,0,0,0,0,0,0,0,0,0,0,0
0x8a2279d4a90b6fe1c4b30fa660cc9f926797baa2,164,0,1417,4,2,0,0,0,0,0,0,0,0,0,0,0,0,0,0,0,0,0
0xd7c49cee7e9188cca6ad8ff264c1da2e69d4cf3b,214,0,3908,3,2,1,0,0,0,0,0,0,0,0,4,0,0,0,0,0,0,0
0x73968b9a57c6e53d41345fd57a6e6ae27d6cdb2f,277,0,3791,4,2,0,0,0,0,0,0,0,0,0,0,0,0,0,0,0,0,0
0xa3bed4e1c75d00fa6f4e5e6922db7261b5e9acd2,300,87,2202,3,2,0,0,0,1,0,0,0,0,0,0,0,0,0,0,0,0,0
0x62dc4817588d53a056cbbd18231d91ffccd34b2a,200,0,2809,4,2,0,0,0,0,0,0,0,0,0,0,0,0,0,0,0,0,0
0xf433089366899d83a9f26a773d59ec7ecf30355e,95,0,518,4,3,0,0,0,0,11,0,0,0,0,0,0,0,0,0,0,0,1
0x979aca85ba37c675e78322ed5d97fa980b9bdf00,183,0,1529,4,3,0,0,0,0,0,0,0,0,0,0,1,0,0,0,0,0,1
0xe9451142a3b561f327b8d93e6d4e213e098e9ea3,94,0,374,3,0,0,0,0,0,0,0,0,0,0,0,0,0,0,0,0,0,0
0x51db5ad35c671a87207d88fc11d593ac0c8415bd,181,91,1081,2,3,1,0,0,5,1,0,0,0,0,0,0,0,0,0,0,0,0
0xf220af718a8d13cce7f5a466722f2b5857cd4215,200,30,1531,4,2,0,0,0,0,0,0,0,0,0,0,0,0,0,0,0,0,0
0x0a50c93c762fdd6e56d86215c24aaad43ab629aa,208,30,1396,4,2,0,0,0,0,0,0,0,0,0,0,0,0,0,0,0,0,0
0xeb0f0df01c400fd21fb8533a68423703d22cfcc5,24,0,24,4,0,0,0,0,0,0,0,0,0,0,0,0,0,0,0,0,0,0
0x622dffcc4e83c64ba959530a5a5580687a57581b,644,0,11900,1,25,1,0,0,2,4,0,0,0,0,5,0,0,0,4,0,0,0
0xaea46a60368a7bd060eec7df8cba43b7ef41ad85,357,52,4107,4,2,0,0,0,0,0,0,0,0,0,0,0,0,0,0,0,0,0
0x05f4a42e251f2d52b8ed15e9fedaacfcef1fad27,191,48,868,2,1,1,0,0,3,1,0,0,0,0,0,0,0,0,0,0,0,0
0x3aada3e213abf8529606924d8d1c55cbdc70bf74,249,72,2479,2,0,1,0,0,1,0,0,0,0,0,0,0,0,0,0,0,2,0
0xae12c5930881c53715b369cec7606b70d8eb229f,244,0,3863,4,0,0,0,0,0,0,0,0,0,0,0,0,0,0,0,0,0,0
0x499a6b77bc25c26bcf8265e2102b1b3dd1617024,133,0,631,1,3,1,0,0,3,0,0,0,0,0,0,0,0,0,0,0,0,0
0x3aeae69c196d8db9a35b39c51d7cac00643ec7f1,53,0,301,5,2,0,0,0,0,0,0,0,0,0,0,0,0,0,0,0,0,0
0x00c83aecc790e8a4453e5dd3b0b4b3680501a7a7,0,0,0,3,8,1,0,0,2,0,0,0,0,0,0,0,0,0,0,0,0,0
0x8a7adc1b690e81c758f1bd0f72dfe27ae6ec56a5,180,0,2900,4,0,0,0,0,0,0,0,0,0,0,1,0,0,0,0,0,0,0
0xe3818504c1b32bf1557b16c238b2e01fd3149c17,312,315,4680,3,0,1,0,0,3,35,0,0,3,0,0,0,0,0,0,0,0,0
0x4b520c812e8430659fc9f12f6d0c39026c83588d,0,0,0,2,1,1,0,0,4,0,0,0,0,0,2,0,0,0,0,0,0,0
0x73d7c860998ca3c01ce8c808f5577d94d545d1b4,295,60,1881,4,2,0,0,0,0,0,0,0,0,0,0,0,0,0,0,0,0,0
0xdd94842c15abfe4c9bafe4222ade02896beb064c,196,0,4413,3,0,1,0,0,2,0,0,0,2,0,12,0,0,0,0,0,0,0
0xa5c6a142448f44e35393777c4715c11fe3bda433,144,0,549,4,0,0,0,0,0,1,0,0,0,0,0,0,0,0,0,0,0,0
0xfe39e6a32acd2af7955cb3d406ba2b55c901f247,0,0,0,1,5,1,0,0,2,0,0,0,4,0,0,0,0,0,0,0,0,1
0xe1a178b681bd05964d3e3ed33ae731577d9d96dd,53,0,530,4,4,0,0,0,0,0,0,0,0,0,0,0,0,0,0,0,0,0
0x9f8f72aa9304c8b593d555f12ef6589cc3a579a2,235,37,2138,2,3,1,0,0,3,0,0,0,0,0,0,0,0,0,0,0,0,0
0xe5caef4af8780e59df925470b050fb23c43ca68c,121,0,1095,4,0,0,0,0,0,0,0,0,0,0,0,0,0,0,0,0,0,0
0x20858fd45af25b715c8c995f08420166e604b668,100,0,430,4,0,0,0,0,0,1,0,0,0,0,0,0,0,0,0,0,0,0
0xa02120696c7b8fe16c09c749e4598819b2b0e915,0,0,0,4,0,0,0,0,0,0,0,0,0,0,0,0,0,0,0,0,0,0
0xce3001d29617b9fe04e053d8ecae05f86136ba83,0,0,0,4,0,0,0,0,0,0,0,0,0,0,0,0,0,0,0,0,0,0
0x0954906da0bf32d5479e25f46056d22f08464cab,167,0,5010,4,0,0,0,0,0,0,0,0,0,0,1,1,0,0,0,0,0,0
0xb17c88bda07d28b3838e0c1de6a30eafbcf52d85,505,352,7757,1,0,0,0,0,1,0,0,0,0,0,0,0,0,0,0,1,2,0
0xb9c239eb5702a7bf3a496207ea5a32b6a690a4ca,426,186,3100,1,2,1,1,0,2,0,0,0,0,0,1,0,0,0,0,0,2,0
0xea26c4ac16d4a5a106820bc8aee85fd0b7b2b664,279,0,1199,4,0,0,0,0,0,1,0,0,0,0,0,0,0,0,0,0,0,0
0x17ef75aa22dd5f6c2763b8304ab24f40ee54d48a,527,696,7024,4,2,0,0,0,0,0,0,0,0,0,0,0,0,0,0,0,0,0
0x5d285f735998f36631f678ff41fb56a10a4d0429,483,239,3433,2,0,1,0,0,1,0,0,0,0,0,0,0,0,0,0,0,2,0
0xff56cc6b1e6ded347aa0b7676c85ab0b3d08b0fa,170,49,582,2,0,1,0,0,4,1,0,0,0,0,0,0,0,0,0,0,0,0
0x9839a9ab98150d257667b871ea3be4cb988ce7b7,300,49,2407,3,3,1,0,0,1,41,0,0,0,0,0,0,0,0,0,0,0,1
0xf47141460a86dee6e13dcd904ff9b144e3eb6ad2,70,0,399,3,7,1,0,0,4,0,0,0,0,0,0,0,0,0,0,0,0,0
0x61ab6033999fd2de9c0833a6a32f0c17269dc7d4,104,0,541,2,0,1,0,0,5,0,0,0,0,0,0,0,0,0,0,0,0,0
0x4824a7b64e3966b0133f4f4ffb1b9d6beb75fff7,150,0,530,4,0,0,0,0,0,1,0,0,0,0,0,0,0,0,0,0,0,0
0xc5bbae50781be1669306b9e001eff57a2957b09d,204,0,4910,2,4,3,0,0,3,0,0,0,1,0,0,0,0,0,0,0,1,0
0xf001937650bb4f62b57521824b2c20f5b91bea05,394,54,5716,4,0,0,0,0,0,0,0,0,0,0,0,0,0,0,0,0,0,0
0x419c4db4b9e25d6db2ad9691ccb832c8d9fda05e,122,0,483,4,1,0,0,0,0,1,0,0,0,0,0,0,0,0,0,0,0,0
0x8a854288a5976036a725879164ca3e91d30c6a1b,288,49,2100,2,0,1,0,0,1,1,0,0,0,1,0,0,0,0,0,0,0,0
0xdb25f211ab05b1c97d595516f45794528a807ad8,355,0,13733,3,0,1,0,0,1,0,0,0,0,0,0,0,0,0,0,0,0,0
0x4946fcea7c692606e8908002e55a582af44ac121,203,25,761,2,2,1,0,0,17,1,0,0,0,0,0,0,0,0,0,0,0,1
0xbebdab6da046bc49ffbb61fbd7b33157eb270d05,280,0,12880,4,0,0,0,0,0,0,0,0,0,0,0,0,0,0,0,0,0,0
0x1b40183efb4dd766f11bda7a7c3ad8982e998421,421,0,5400,4,0,0,0,0,0,0,0,0,0,0,2,1,0,0,0,0,0,0
0xfe3e6a25e6b192a42a44ecddcd13796471735acf,346,0,5334,4,3,0,0,0,0,0,0,0,0,0,1,1,0,0,0,0,0,0
0xd9016a907dc0ecfa3ca425ab20b6b785b42f2373,267,0,2083,4,0,0,0,0,0,0,0,0,0,0,0,0,0,0,0,0,0,0
0x524897c10d0a39d0cb1d1399557aee3de6a2f421,222,0,1061,4,0,0,0,0,0,5,0,0,0,0,0,0,0,0,0,0,0,0
0xedd7c94fd7b4971b916d15067bc454b9e1bad980,165,0,646,4,0,0,0,0,0,0,0,0,0,0,0,0,0,0,0,0,0,0
0x8716fc5da009d3a208f0178b637a50f4ef42400f,152,0,733,4,4,0,0,0,0,1,0,0,0,0,0,0,0,0,0,0,0,0
0xa7f976c360ebbed4465c2855684d1aae5271efa9,163,0,1057,3,2,0,0,0,0,23,0,0,0,0,0,0,0,0,0,0,0,0
0x89020f0d5c5af4f3407eb5fe185416c457b0e93e,194,0,2026,4,0,0,0,0,0,0,0,0,0,0,0,0,0,0,0,0,0,0
0x7932656bd0dd943b80c8d42c9cc80d5994779feb,117,0,1161,4,6,0,0,0,0,0,0,0,0,0,2,0,0,0,0,0,0,0
0xe9bb0e514ddff1a8ce5a96f3b37b5c8c1606feda,255,0,874,1,3,1,1,0,5,0,0,0,1,0,0,0,0,0,0,0,0,1
0xb26631c6dda06ad89b93c71400d25692de89c068,193,0,757,2,4,1,0,0,4,0,0,0,0,0,0,0,0,0,0,0,0,0
0x0947b0e6d821378805c9598291385ce7c791a6b2,311,158,2967,2,0,0,0,0,0,0,0,0,0,0,4,0,0,0,0,0,0,0
0x7d3cb11f8c13730c24d01826d8f2005f0e1b348f,141,0,1366,4,0,0,0,0,0,0,0,0,0,0,0,0,0,0,0,0,0,0
0xe477292f1b3268687a29376116b0ed27a9c76170,324,0,6671,3,0,1,0,0,1,36,0,0,1,0,0,0,0,0,0,0,0,0
0xee85138a3667f2aa5185609a6e46e175cc02c606,75,0,369,5,1,0,0,0,0,0,0,0,0,0,0,0,0,0,0,0,0,0
0x298d492e8c1d909d3f63bc4a36c66c64acb3d695,267,0,6780,2,3,1,0,0,4,1,0,1,0,0,4,0,0,0,0,0,0,0
0xecb81b96e169882b8d6276b87a19cb47efbd1c4a,143,0,483,4,0,0,0,0,0,0,0,0,0,0,0,0,0,0,0,0,0,0
0x1a4b46696b2bb4794eb3d4c26f1c55f9170fa4c5,447,235,11841,4,0,0,0,0,0,0,0,0,0,0,1,1,0,0,0,0,0,0
0x04abeda201850ac0124161f037efd70c74ddc74c,211,19,1385,2,2,1,0,0,0,1,0,0,0,0,0,0,0,0,0,0,0,1
0x2a8e1e676ec238d8a992307b495b45b3feaa5e86,164,0,1068,1,0,0,0,0,0,0,0,0,0,0,0,0,0,0,0,0,0,0
0xa823e6722006afe99e91c30ff5295052fe6b8e32,1123,780,10365,1,11,1,1,0,7,2,0,0,0,0,2,0,0,0,60,0,0,0
0x8f0921f30555624143d427b340b1156914882c10,154,0,555,3,0,1,0,0,0,1,0,0,0,0,0,0,0,0,0,0,0,0
0x354b10083a2d6b8bd18ddd390fac7bcdede8a839,98,97,1262,2,13,2,0,0,4,0,0,0,0,0,0,4,0,1,0,0,0,0
0xd23ac27148af6a2f339bd82d0e3cff380b5093de,298,9,8670,4,0,0,0,0,0,0,0,0,0,0,1,1,0,0,0,0,0,0
0x3e9bc21c9b189c09df3ef1b824798658d5011937,144,61,877,2,0,1,0,0,8,0,0,1,0,0,0,0,0,0,0,0,0,0
0xa039369062636605761d2a6cedd9703862109f84,255,385,8581,3,21,1,0,0,10,0,0,0,2,0,1,0,2,0,0,0,0,0
0xcb0797aaca2fd4edd3bf07e7157d40322629af8b,257,0,967,4,0,0,0,0,0,1,0,0,0,0,0,0,0,0,0,0,0,0
0x580c8520deda0a441522aeae0f9f7a5f29629afa,102,0,554,3,0,0,0,0,0,0,0,0,0,0,0,0,0,0,0,0,0,0
0xfdbc1adc26f0f8f8606a5d63b7d3a3cd21c22b23,133,0,1522,4,0,0,0,0,0,0,0,0,0,0,0,0,0,0,0,0,0,0
0xe85f3b0773d614755f7668fe43b5339876d91171,224,30,1456,4,2,0,0,0,0,0,0,0,0,0,0,0,0,0,0,0,0,1
0xff742d05420b6aca4481f635ad8341f81a6300c2,250,0,3009,4,0,0,0,0,0,0,0,0,0,0,0,0,0,0,0,0,0,0
0x3d11e0c0de0cf8bfdf85ea05509cfed9f0efe64f,282,0,2964,4,0,0,0,0,0,0,0,0,0,0,0,0,0,0,0,0,0,0
0xcaaa93712bdac37f736c323c93d4d5fdefcc31cc,152,0,562,4,0,0,0,0,0,1,0,0,0,0,0,0,0,0,0,0,0,0
0x96e61422b6a9ba0e068b6c5add4ffabc6a4aae27,111,105,2019,2,0,1,0,0,2,0,0,0,0,0,0,0,0,0,0,0,0,0
0x7995ab36bb307afa6a683c24a25d90dc1ea83566,407,0,7017,4,1,0,0,0,0,0,0,0,0,0,0,0,0,0,0,0,0,0
0x4375e7ad8a01b8ec3ed041399f62d9cd120e0063,0,0,0,3,11,1,0,0,2,1,0,0,0,0,0,0,0,0,0,0,0,0
0xfd341667401892f0a2f385d29713a3200ef9ee49,70,0,456,5,2,0,0,0,0,0,0,0,0,0,0,0,0,0,0,0,0,0
0x13c2fab6354d3790d8ece4f0f1a3280b4a25ad96,183,145,1652,2,4,1,0,0,3,0,0,0,0,0,20,0,0,0,0,0,0,0
0x7d29a64504629172a429e64183d6673b9dacbfce,111,0,894,1,3,1,0,0,3,0,0,0,0,0,0,0,0,0,0,0,0,1
0x970b9bb2c0444f5e81e9d0efb84c8ccdcdcaf84d,652,708,11295,2,3,1,1,0,1,0,0,0,0,0,0,0,0,0,0,0,1,1
0xbf8fb919a8bbf28e590852aef2d284494ebc0657,234,0,960,4,0,0,0,0,0,0,0,0,0,0,0,0,0,0,0,0,0,0
0x4c19596f5aaff459fa38b0f7ed92f11ae6543784,111,0,859,4,2,0,0,0,0,0,0,0,0,0,3,0,0,0,0,0,0,0
0x410e731c2970dce3add351064acf5ce9e33fdbf0,365,33,4193,4,0,0,0,0,0,1,0,0,0,0,0,0,0,0,0,0,0,0
0x0f51bb10119727a7e5ea3538074fb341f56b09ad,177,0,1334,4,3,0,0,0,0,0,0,0,0,0,0,0,0,0,0,0,0,1
0x53c8395465a84955c95159814461466053dedede,393,54,5716,4,2,0,0,0,0,0,0,0,0,0,0,0,0,0,0,0,0,0
0xbbff34e47e559ef680067a6b1c980639eeb64d24,308,38,3395,2,3,1,0,0,6,0,0,1,0,0,0,0,0,0,0,0,0,0
0x9ce9ceec70a3e36238ce299cfa3eb2e00f66db0a,147,0,1324,4,2,0,0,0,0,0,0,0,0,0,0,0,0,0,0,0,0,0
0x19062190b1925b5b6689d7073fdfc8c2976ef8cb,239,30,1575,4,2,0,0,0,0,0,0,0,0,0,0,0,0,0,0,0,0,1
0x17cc25d130dc9fb6c7b358dc46af9549c57dc20d,225,0,2223,4,0,0,0,0,0,0,0,0,0,0,0,0,0,0,0,0,0,0
0x719c3abf7c2435be34ed479b98db85342d107755,364,0,5731,4,0,0,0,0,0,0,0,0,0,0,0,0,0,0,0,0,0,0
0x4e3fbd56cd56c3e72c1403e103b45db9da5b9d2b,380,75,4011,3,2,0,0,0,1,0,0,0,0,0,0,0,0,0,0,0,0,0
0x8b3870df408ff4d7c3a26df852d41034eda11d81,112,61,720,2,2,1,0,0,5,0,0,0,0,0,0,0,0,0,0,0,0,0
0xa44e5137293e855b1b7bc7e2c6f8cd796ffcb037,154,93,986,3,9,1,0,0,3,0,0,0,0,0,0,0,0,0,0,0,0,0
0xec67005c4e498ec7f55e092bd1d35cbc47c91892,186,0,1699,4,3,0,0,0,0,0,0,0,0,0,4,0,0,0,0,0,0,1
0x6a4c76874e686a7d080d173987a35a9c48905583,56,0,292,4,0,0,0,0,0,0,0,0,0,0,0,0,0,0,0,0,0,0
0xaaaebe6fe48e54f431b0c390cfaf0b017d09d42d,150,0,1950,4,0,0,0,0,0,0,0,0,0,0,0,0,0,0,0,0,0,0
0xc28e931814725bbeb9e670676fabbcb694fe7df2,135,0,668,4,0,0,0,0,0,1,0,0,0,0,0,0,0,0,0,0,0,0
0x5778e8e088537f2f4deeed43a76722065bfcb710,115,0,474,4,2,0,0,0,0,0,0,0,0,0,0,0,0,0,0,0,0,1
0x34f49e2ea4fb9b80714f8776932528a79c39de28,101,0,435,3,0,1,0,0,0,1,0,0,0,0,0,0,0,0,0,0,0,0
0xfb7b4564402e5500db5bb6d63ae671302777c75a,141,0,1764,2,2,0,0,0,0,0,0,0,0,0,0,0,0,0,0,0,0,0
0xb64ef51c888972c908cfacf59b47c1afbc0ab8ac,165,49,1630,2,3,0,0,0,2,0,0,0,0,0,0,0,0,0,0,0,0,1
0x037a54aab062628c9bbae1fdb1583c195585fe41,279,210,3415,2,0,1,0,0,4,0,0,0,0,0,0,0,0,0,0,0,0,0
0xfb2a61c6da801aca637e0a8fb459ce22f5c241f9,169,0,600,4,0,0,0,0,0,0,0,0,0,0,0,0,0,0,0,0,0,0
0x02f61fd266da6e8b102d4121f5ce7b992640cf98,347,241,8019,2,6,1,0,0,1,4,0,0,0,0,1,0,0,0,0,0,0,0
0x107c4504cd79c5d2696ea0030a8dd4e92601b82e,480,490,12968,3,0,1,0,0,2,2,0,0,1,0,0,0,0,0,0,0,0,1
0xd4fa1460f537bb9085d22c7bccb5dd450ef28e3a,291,49,2286,3,2,0,0,0,1,0,0,0,0,0,0,0,0,0,0,0,0,1
0xac3211a5025414af2866ff09c23fc18bc97e79b1,284,49,2082,2,0,1,0,0,1,1,0,0,0,0,0,0,0,0,0,0,0,0
0x888888888889c00c67689029d7856aac1065ec11,268,31,2342,4,2,0,0,0,0,0,0,0,0,0,2,0,0,0,0,0,0,0
0x2c4e8f2d746113d0696ce89b35f0d8bf88e0aeca,212,0,1431,4,0,0,0,0,0,2,0,0,0,0,0,0,1,0,0,0,0,0
0xc944e90c64b2c07662a292be6244bdf05cda44a7,305,0,2931,4,2,0,0,0,0,0,0,0,0,0,1,0,0,0,0,0,0,0
0x732a986b020765e2ad189fe9238b18bf529eab19,0,0,0,5,0,0,0,0,0,1,0,0,0,0,0,0,0,0,0,0,0,0
0xe1406825186d63980fd6e2ec61888f7b91c4bae4,90,0,494,3,0,0,0,0,0,0,0,0,0,0,0,0,0,0,0,0,0,0
0xeca2967b2a2cc584495b2226372bc0dde481f857,213,0,4705,2,2,1,0,0,3,0,0,0,0,0,0,0,0,0,0,0,0,0
0xb97048628db6b661d4c2aa833e95dbe1a905b280,252,189,1562,4,3,0,0,0,0,17,0,0,0,0,0,0,0,0,0,0,0,1
0xbc0746c5b34f6a73b7185988053d8a0dfc37489e,237,37,2003,3,2,1,0,0,3,0,0,0,0,0,0,0,0,0,0,0,0,0
0x6ec8a24cabdc339a06a172f8223ea557055adaa5,463,450,10996,3,1,1,0,0,2,2,0,0,0,0,0,1,0,0,0,0,0,1
0x4bf4f2ea258bf5cb69e9dc0ddb4a7a46a7c10c53,187,0,746,4,0,0,0,0,0,1,0,0,0,0,0,0,0,0,0,0,0,0
0x961c8c0b1aad0c0b10a51fef6a867e3091bcef17,334,0,5097,4,0,0,0,0,0,0,0,0,0,0,1,1,0,0,0,0,0,0
0xd084b83c305dafd76ae3e1b4e1f1fe2ecccb3988,393,54,4918,4,0,0,0,0,0,0,0,0,0,0,0,0,0,0,0,0,0,0
0xee0c18c17f8878fd965e8e20861f8ca3369a8029,65,64,577,3,8,1,0,0,3,0,0,0,0,0,0,0,0,0,0,0,0,0
0x8d0749084afeb14595f1ee31634a6e3ee4e64a11,251,280,3207,2,1,1,0,0,4,0,0,0,0,0,0,0,0,0,0,0,0,0
0xc48b4814faed1ccc885dd6fde62a6474aecbb19a,245,106,2011,2,0,1,0,0,2,0,0,0,0,0,0,1,0,0,0,1,0,0
0xb62132e35a6c13ee1ee0f84dc5d40bad8d815206,292,33,3052,2,1,1,0,0,2,1,0,0,0,0,2,0,0,0,0,0,0,0
0x111111111117dc0aa78b770fa6a738034120c302,305,29,2437,4,3,0,0,0,0,0,0,0,0,0,2,0,0,0,0,0,0,0
0xb9bb08ab7e9fa0a1356bd4a39ec0ca267e03b0b3,203,0,1352,3,0,1,0,0,0,0,0,0,0,0,2,0,0,0,0,0,0,0
0x26fe16e089bef8b0e1776f861436125a1caa6bae,0,0,0,4,0,0,0,0,0,0,0,0,0,0,0,0,0,0,0,0,0,0
0xcc8fa225d80b9c7d42f96e9570156c65d6caaa25,215,0,1208,4,3,0,0,0,0,1,0,0,0,0,0,0,0,0,0,0,0,0
0x658992cbd1901a0d41246873e9acf7bb031b8197,99,0,429,4,2,0,0,0,0,1,0,0,0,0,0,0,0,0,0,0,0,1
0xcbcc0f036ed4788f63fc0fee32873d6a7487b908,153,0,1033,4,3,0,0,0,0,0,0,0,0,0,0,0,0,0,0,0,0,0
0x77777feddddffc19ff86db637967013e6c6a116c,446,126,3531,3,2,1,0,0,1,0,0,0,0,0,1,0,0,0,0,0,2,0
0xcfcecfe2bd2fed07a9145222e8a7ad9cf1ccd22a,423,205,3754,3,2,1,0,0,1,0,0,0,0,0,0,0,0,0,0,0,2,0
0x08130635368aa28b217a4dfb68e1bf8dc525621c,163,21,803,3,0,0,0,0,0,0,0,0,0,0,0,0,0,0,0,0,0,0
0x554ffc77f4251a9fb3c0e3590a6a205f8d4e067d,116,0,451,4,2,0,0,0,0,1,0,0,0,0,0,0,0,0,0,0,0,0
0xf3a04a8523e2adf2911e26385024c7262f5af3d9,53,0,371,4,0,0,0,0,0,0,0,0,0,0,0,0,0,0,0,0,0,0
0x4f3afec4e5a3f2a6a1a411def7d7dfe50ee057bf,267,0,1130,1,14,1,0,1,14,0,0,0,0,0,0,0,0,0,0,0,0,0
0x08f5a9235b08173b7569f83645d2c7fb55e8ccd8,124,0,371,4,0,0,0,0,0,2,0,0,0,0,0,0,0,0,0,0,0,0
0x28b5e12cce51f15594b0b91d5b5adaa70f684a02,134,0,732,4,12,0,0,0,0,1,0,0,0,0,2,0,0,0,0,0,0,0
0x741981ce4bad57613d2618a887971c93a3905a50,201,0,1083,4,0,0,0,0,0,1,0,0,0,0,0,0,0,0,0,0,0,0
0x888e88e71378133b7ada5a90c08bc97d772a0a28,151,0,2138,3,0,1,0,0,0,0,0,0,0,0,0,0,0,0,0,0,0,0
0x738865301a9b7dd80dc3666dd48cf034ec42bdda,142,0,2634,4,0,0,0,0,0,0,0,0,0,0,0,0,0,0,0,0,0,0
0xf970b8e36e23f7fc3fd752eea86f8be8d83375a6,147,0,805,4,0,0,0,0,0,1,0,0,0,0,0,0,0,0,0,0,0,0
0xe692c8d72bd4ac7764090d54842a305546dd1de5,200,0,1788,4,3,0,0,0,0,0,0,0,0,0,0,1,0,0,0,0,0,1
0x9d46bd69c65d8bbe845044801d81e08c0dd3cc31,70,69,622,2,8,1,0,0,3,0,0,0,0,0,0,0,0,0,0,0,0,0
0x08c32b0726c5684024ea6e141c50ade9690bbdcc,365,0,3444,4,0,0,0,0,0,0,0,0,0,0,0,0,0,0,0,0,0,0
0xf5581dfefd8fb0e4aec526be659cfab1f8c781da,590,290,11478,2,11,0,0,0,1,2,0,0,0,0,0,0,0,0,0,0,0,0
0x5cdde785eeb4639adae95bc15955a5201e7eebc9,0,0,0,1,0,1,0,0,1,0,0,0,0,0,1,0,0,0,0,0,0,0
0xe8780b48bdb05f928697a5e8155f672ed91462f7,196,49,1690,2,0,1,0,0,2,3,0,0,0,0,2,0,0,0,0,0,0,0
0x138a8752093f4f9a79aaedf48d4b9248fab93c9c,148,61,862,2,17,1,0,0,4,5,0,0,0,0,0,4,0,0,0,0,0,0
0x7968bc6a03017ea2de509aaa816f163db0f35148,193,0,2182,2,2,0,0,0,0,0,0,0,0,0,0,0,0,0,0,0,0,0
0x374cb8c27130e2c9e04f44303f3c8351b9de61c1,461,0,14632,4,0,0,0,0,0,0,0,0,0,0,1,3,0,0,0,0,0,0
0xb753428af26e81097e7fd17f40c88aaa3e04902c,212,60,2230,1,2,1,0,0,2,0,0,0,0,0,0,0,0,0,0,0,2,0
0xd850942ef8811f2a866692a623011bde52a462c1,364,172,7621,2,4,1,0,0,4,20,0,0,0,0,0,0,0,0,0,0,0,1
0x970d48531bd6da34dfa5f867c3bc0afe17c0c4dd,272,30,1386,1,6,1,0,0,3,28,0,0,0,0,0,0,0,0,0,0,0,0
0xf85feea2fdd81d51177f6b8f35f0e6734ce45f5f,150,0,560,4,0,0,0,0,0,1,0,0,0,0,0,0,0,0,0,0,0,0
0x9e98ea589f8b3bb33351034a77ce96cc31b894e0,0,0,0,4,0,0,0,0,0,0,0,0,0,0,0,0,0,0,0,0,0,0
0x595832f8fc6bf59c85c527fec3740a1b7a361269,80,0,1040,4,7,0,0,0,0,19,0,0,0,0,0,0,0,0,0,0,0,0
0x4b1e80cac91e2216eeb63e29b957eb91ae9c2be8,83,0,612,4,0,0,0,0,0,0,0,0,0,0,0,0,0,0,0,0,0,0
0xba100000625a3754423978a60c9317c58a424e3d,473,126,5717,3,0,0,0,0,0,0,0,0,0,0,1,0,0,0,0,0,0,0
0x94e118352fd7cb9ada6d369dfca345d7dc9dcf99,285,60,1703,4,3,0,0,0,0,0,0,0,0,0,0,0,0,0,0,0,0,1
0x519c1001d550c0a1dae7d1fc220f7d14c2a521bb,0,0,0,4,2,0,0,0,0,0,0,0,0,0,0,0,0,0,0,0,0,0
0xaf9f549774ecedbd0966c52f250acc548d3f36e5,290,60,1656,4,0,0,0,0,0,0,0,0,0,0,0,0,0,0,0,0,0,0
0x9506d37f70eb4c3d79c398d326c871abbf10521d,164,0,2872,4,0,0,0,0,0,0,0,0,0,0,0,0,0,0,0,0,0,0
0x5044e2e924a139fd7da98dc29bbc070218197986,65,0,715,3,6,1,0,0,4,0,0,0,0,0,0,0,0,0,0,0,0,0
0x9db44c215f14a874c0ca45895f3a97f0839c29d9,534,79,6416,4,0,0,0,0,0,0,0,0,0,0,0,0,0,0,0,0,0,0
0xd26114cd6ee289accf82350c8d8487fedb8a0c07,184,30,711,2,3,0,0,0,2,19,0,0,0,0,0,0,0,0,0,0,0,1
0xa1faa113cbe53436df28ff0aee54275c13b40975,189,0,2010,4,2,0,0,0,0,0,0,0,0,0,0,0,0,0,0,0,0,0
0x0cf713b11c9b986ec40d65bd4f7fbd50f6ff2d64,70,69,622,2,6,1,0,0,4,0,0,0,0,0,0,0,0,0,0,0,0,0
0xf34b1db61aca1a371fe97bad2606c9f534fb9d7d,121,0,452,4,0,0,0,0,0,0,0,0,0,0,0,0,0,0,0,0,0,0
0xbcd8618714d6299ee19afeeaa5344ad08a3cef95,223,0,2450,4,0,0,0,0,0,0,0,0,0,0,0,0,0,0,0,0,0,0
0x9ed8e7c9604790f7ec589f99b94361d8aab64e5e,503,216,5350,4,2,0,0,0,0,0,0,0,0,0,0,0,0,0,0,0,0,0
0x0aacfbec6a24756c20d41914f2caba817c0d8521,409,0,10884,3,7,0,0,0,0,0,0,0,0,0,0,0,0,0,0,0,0,0
0xe54942077df7b8eef8d4e6bce2f7b58b0082b0cd,164,0,2164,4,0,0,0,0,0,0,0,0,0,0,0,0,0,0,0,0,0,0
0xde30da39c46104798bb5aa3fe8b9e0e1f348163f,270,0,8256,4,0,0,0,0,0,0,0,0,0,0,0,0,0,0,0,0,0,0
0x1776e1f26f98b1a5df9cd347953a26dd3cb46671,298,109,4708,2,17,1,1,0,1,59,0,0,0,0,4,0,0,0,0,0,0,1
0x089fe6cd08aefbf647a63d9f44715b254b47a51b,65,0,216,2,3,1,0,0,2,0,0,0,0,0,0,0,0,0,0,0,0,0
0xdf347911910b6c9a4286ba8e2ee5ea4a39eb2134,443,88,2232,2,11,1,0,0,7,0,0,0,2,0,0,0,0,0,0,0,0,0
0x6fc13eace26590b80cccab1ba5d51890577d83b2,317,46,3302,4,0,0,0,0,0,0,0,0,0,0,0,0,0,0,0,0,0,0
0xef19718e87bb889751b3019dfa85baa70e02cde9,73,0,309,4,0,0,0,0,0,2,0,0,0,0,0,0,0,0,0,0,0,0
0x115ec79f1de567ec68b7ae7eda501b406626478e,196,0,676,3,3,1,0,0,0,0,0,0,0,0,0,0,0,0,0,0,0,1
0x108a850856db3f85d0269a2693d896b394c80325,0,0,0,3,0,1,0,0,1,0,0,0,0,0,1,0,0,0,0,0,0,0
0x0f71b8de197a1c84d31de0f1fa7926c365f052b3,378,0,10799,2,4,1,0,0,0,0,0,0,0,0,6,0,0,0,0,0,0,0
0x5ca381bbfb58f0092df149bd3d243b08b9a8386e,257,0,1949,4,0,0,0,0,0,0,0,0,0,0,2,0,0,0,0,0,0,0
0x41a3dba3d677e573636ba691a70ff2d606c29666,171,0,1949,4,0,0,0,0,0,0,0,0,0,0,0,0,0,0,0,0,0,0
0x9fa69536d1cda4a04cfb50688294de75b505a9ae,171,0,1949,4,0,0,0,0,0,0,0,0,0,0,0,0,0,0,0,0,0,0
0x5eeaa2dcb23056f4e8654a349e57ebe5e76b5e6e,607,469,4532,2,2,1,0,0,17,1,0,0,0,0,0,0,0,0,0,0,0,0
0xf319b117daaef65aaa86e52184dff52be3f9b47c,302,248,4630,2,4,1,0,0,3,0,0,0,0,0,0,0,0,0,0,0,0,0
0x8db1d28ee0d822367af8d220c0dc7cb6fe9dc442,91,0,465,4,0,0,0,0,0,0,0,0,0,0,0,0,0,0,0,0,0,0
0x2e1e15c44ffe4df6a0cb7371cd00d5028e571d14,201,0,2023,4,3,0,0,0,0,0,0,0,0,0,0,0,0,0,0,0,0,0
0x1410434b0346f5be678d0fb554e5c7ab620f8f4a,215,0,1121,4,1,0,0,0,0,0,0,0,0,0,0,0,0,0,0,0,0,0
0x940a2db1b7008b6c776d4faaca729d6d4a4aa551,156,0,1464,4,0,0,0,0,0,0,0,0,0,0,0,0,0,0,0,0,0,0
0x5d65d971895edc438f465c17db6992698a52318d,174,108,4460,2,2,1,0,0,2,0,0,0,2,0,0,0,0,0,0,0,0,0
0x4ddc2d193948926d02f9b1fe9e1daa0718270ed5,882,928,31406,2,3,1,0,0,4,0,0,0,0,0,0,0,0,0,0,0,0,0
0xff20817765cb7f73d4bde2e66e067e58d11095c2,891,644,41243,3,2,1,0,0,1,2,0,0,0,0,0,0,0,0,2,0,0,0
0xbd356a39bff2cada8e9248532dd879147221cf76,111,0,562,3,0,0,0,0,0,0,0,0,0,0,0,0,0,0,0,0,0,0
0x910dfc18d6ea3d6a7124a6f8b5458f281060fa4c,160,56,758,3,18,1,0,0,4,4,0,0,0,0,0,4,0,0,0,0,0,0
0x398ec7346dcd622edc5ae82352f02be94c62d119,2120,6428,38345,3,5,0,0,0,1,0,6,0,0,0,0,0,0,0,0,0,0,0
0x24e3794605c84e580eea4972738d633e8a7127c8,0,0,0,4,0,0,0,0,0,0,0,0,0,0,0,0,0,0,0,0,0,0
0x8ce9137d39326ad0cd6491fb5cc0cba0e089b6a9,155,0,1043,1,0,1,0,0,4,0,0,0,0,0,0,0,0,0,0,0,0,0
0xaec2e87e0a235266d9c5adc9deb4b2e29b54d009,156,188,874,1,13,3,0,0,9,0,0,2,0,0,0,0,0,0,0,0,0,0
0x6fb3e0a217407efff7ca062d46c26e5d60a14d69,250,0,1158,2,0,0,0,0,0,1,0,0,0,0,0,0,0,0,0,0,0,0
0x93ed3fbe21207ec2e8f2d3c3de6e058cb73bc04d,272,488,8913,3,0,1,0,0,3,0,0,0,1,0,0,0,0,0,0,0,0,0
0x0d8775f648430679a709e98d2b0cb6250d2887ef,128,0,1653,3,4,1,0,0,1,22,0,0,4,0,0,3,0,0,0,0,0,1
0xfca59cd816ab1ead66534d82bc21e7515ce441cf,214,0,1620,4,0,0,0,0,0,0,0,0,0,0,0,0,0,0,0,0,0,0
0x0316eb71485b0ab14103307bf65a021042c6d380,0,0,0,2,0,1,0,0,1,0,0,0,0,0,0,0,0,0,0,0,0,0
0x9a2ba0ca74d505e5d7a853433eb01910dc628f40,183,0,1187,2,5,1,0,0,5,0,0,0,0,0,0,6,0,0,0,0,0,0
0x5b1bf536a818bcf066ea225d6e00437814e8a08f,41,0,123,4,1,0,0,0,0,0,0,0,0,0,0,0,0,0,0,0,0,0
0xe7e54e46f76f997a92d91ac4bde9bc9e1eba8668,0,0,0,4,0,0,0,0,0,0,0,0,0,0,0,0,0,0,0,0,0,0
0x0e29e5abbb5fd88e28b2d355774e73bd47de3bcd,106,0,976,2,5,1,0,0,4,0,0,0,0,0,2,0,0,0,0,0,0,0
0xcdcfc0f66c522fd086a1b725ea3c0eeb9f9e8814,97,66,803,2,15,1,0,0,3,0,0,0,0,0,0,0,1,0,0,0,0,0
0x6e109e9dd7fa1a58bc3eff667e8e41fc3cc07aef,382,30,4198,2,2,1,0,0,4,0,0,0,0,0,0,0,0,0,0,0,0,0
0x69beab403438253f13b6e92db91f7fb849258263,149,0,594,2,1,1,0,0,2,0,0,0,2,0,4,0,0,0,0,0,0,0
0x8c543aed163909142695f2d2acd0d55791a9edb9,272,21,947,1,2,1,1,0,2,0,0,0,1,0,0,0,0,0,0,0,0,1
0x5dc60c4d5e75d22588fa17ffeb90a63e535efce0,278,0,2467,4,3,0,0,0,0,0,0,0,0,0,0,0,0,0,0,0,0,0
0x5bc901cbebefb03a56d45e57e4f356dc4db30ab5,303,60,1778,4,0,0,0,0,0,0,0,0,0,0,0,0,0,0,0,0,0,0
0x0555991513a39a7a830245d04e393a71cb05b293,158,27,682,2,5,1,0,0,2,3,0,0,0,0,0,0,0,0,0,0,0,0
0x177d39ac676ed1c67a2b268ad7f1e58826e5b0af,247,0,2835,2,10,0,0,0,2,0,0,0,0,0,8,0,0,0,0,0,0,1
0x8130304f28d7ebc80c2ac0381b157a687989efb4,0,0,0,3,0,1,0,0,2,0,0,0,1,0,0,0,0,0,0,0,0,0
0x6b175474e89094c44da98b954eedeac495271d0f,129,0,1560,4,1,0,0,0,0,0,0,0,0,0,2,0,0,0,0,0,0,0
0x7ebb6079e6d6c7cf8f58cdbd233ac3edaf1d9a60,129,64,1122,2,7,0,0,0,4,0,0,0,0,0,0,0,0,0,0,0,0,1
0x16eccfdbb4ee1a85a33f3a9b21175cd7ae753db4,379,0,6840,4,0,1,0,0,1,1,0,0,0,0,0,1,0,1,0,0,2,0
0xbe1a001fe942f96eea22ba08783140b9dcc09d28,670,63,7197,4,0,0,0,0,0,0,0,0,0,0,1,0,0,0,0,0,0,0
0x9ac07635ddbde5db18648c360defb00f5f22537e,487,83,4583,3,5,1,0,0,1,0,0,0,0,0,0,0,0,1,0,0,2,0
0x8f3470a7388c05ee4e7af3d01d8c722b0ff52374,109,0,664,4,3,0,0,0,0,0,0,0,0,0,0,0,0,0,0,0,0,1
0x66a0f676479cee1d7373f3dc2e2952778bff5bd6,0,0,0,2,2,1,0,0,1,2,0,0,0,0,3,0,0,0,0,0,2,0
0xd98f75b1a3261dab9eed4956c93f33749027a964,399,286,7530,1,0,0,0,0,0,0,0,0,0,0,0,0,0,0,0,0,0,0
0x3136ef851592acf49ca4c825131e364170fa32b3,219,90,1124,4,0,0,0,0,0,1,0,0,0,0,0,0,0,0,0,0,0,0
0x4bf39e0e3bf4097564ec41ccc26cbf3da3a7417a,75,0,291,2,6,1,0,0,4,0,0,0,0,0,0,0,0,0,0,0,0,0
0xf16e81dce15b08f326220742020379b855b87df9,281,35,2013,4,0,0,0,0,0,0,0,0,0,0,2,0,0,0,0,0,0,0
0x8578530205cecbe5db83f7f29ecfeec860c297c2,398,0,17056,1,3,1,0,0,0,0,0,0,0,0,12,0,0,0,0,0,0,0
0xc741f06082aa47f93729070ad0dd95e223bda091,326,58,2180,4,0,0,0,0,0,0,0,0,0,0,0,0,0,0,0,0,0,0
0x07bad4bcd55f39b96f00ddffca09201d86bcf3ac,158,0,1902,4,2,0,0,0,0,0,0,0,0,0,0,0,0,0,0,0,0,0
0x509a38b7a1cc0dcd83aa9d06214663d9ec7c7f4a,109,0,1083,2,5,0,0,0,0,3,0,0,0,0,0,0,0,0,0,0,0,0
0xd8062c267dd196b5e500a99ead7f50592f323e51,108,0,2268,3,0,1,0,0,1,0,0,0,0,0,0,0,0,0,0,0,0,0
0x807e534b163e28ed1c210ff2392d91d913f8637f,326,372,4800,4,9,0,0,0,0,0,0,0,0,0,3,0,0,0,0,0,0,0
0xea11755ae41d889ceec39a63e6ff75a02bc1c00d,153,0,569,4,0,0,0,0,0,1,0,0,0,0,0,0,0,0,0,0,0,0
0x687174f8c49ceb7729d925c3a961507ea4ac7b28,301,0,4936,3,0,1,0,0,0,2,0,0,0,0,4,0,0,0,0,0,0,0
0x0b38210ea11411557c13457d4da7dc6ea731b88a,289,0,2727,4,2,0,0,0,0,0,0,0,0,0,0,0,0,0,0,0,0,0
0x27054b13b1b798b345b591a4d22e6562d47ea75a,146,0,743,5,4,0,0,0,0,0,0,0,0,0,9,0,0,0,0,0,0,0
0xf34960d9d60be18cc1d5afc1a6f012a723a28811,0,0,0,4,0,0,0,0,0,0,0,0,0,1,0,0,0,0,0,0,0,0
0xdc11c313a28a68c6fc4df718dd93f057849e8208,839,707,18986,3,3,0,0,0,1,2,0,0,0,0,0,0,1,0,12,1,2,0
0xf411903cbc70a74d22900a5de66a2dda66507255,626,288,11837,2,0,1,0,0,1,0,0,0,0,0,0,0,0,0,0,0,0,0
0x77fba179c79de5b7653f68b5039af940ada60ce0,284,0,10049,4,0,0,0,0,0,0,0,0,0,0,2,1,0,0,0,0,0,0
0xed04915c23f00a313a544955524eb7dbd823143d,329,117,1993,4,2,0,0,0,0,0,0,0,0,0,0,0,0,0,0,0,0,1
0x38968746147bbaeb882f356ad9a57594bb158235,223,351,7139,3,18,1,0,0,10,38,0,0,2,0,1,0,2,0,0,0,0,1
0xbd100d061e120b2c67a24453cf6368e63f1be056,334,0,5097,4,8,0,0,0,0,0,0,0,0,0,1,1,0,0,0,0,0,0
0x1250b6db6eac0d7e67405512d2b18851b2021d84,80,0,402,3,7,1,0,0,4,0,0,0,0,0,0,0,0,0,0,0,0,0
0x83349185d08d7f66e01224b49ab0952862310320,314,112,1456,4,3,0,0,0,0,1,0,0,0,0,0,0,0,0,0,0,0,1
0xe7bd68547f41413a6baa7609550a7eb58c84c406,112,0,548,4,1,0,0,0,0,0,0,0,0,0,0,0,0,0,0,0,0,0
0x9e46a38f5daabe8683e10793b06749eef7d733d1,158,0,622,1,5,1,0,0,4,1,0,0,0,0,0,0,0,0,0,0,0,0
0xd5587c535ca63d8622abc2ea9693349c19440b9d,0,0,0,5,2,0,0,0,0,0,0,0,0,0,0,0,0,0,0,0,0,0
0x6f259637dcd74c767781e37bc6133cd6a68aa161,76,0,370,4,2,0,0,0,0,0,0,0,0,0,0,0,0,0,0,0,0,0
0xb705268213d593b8fd88d3fdeff93aff5cbdcfae,150,106,1748,2,2,1,0,0,3,0,0,1,0,0,0,0,0,0,0,0,0,0
0x056fd409e1d7a124bd7017459dfea2f387b6d5cd,414,482,6922,2,3,1,0,0,6,0,0,0,0,0,0,0,0,0,0,0,0,0
0xe65ee7c03bbb3c950cfd4895c24989afa233ef01,123,0,958,2,0,1,0,0,5,0,0,0,0,0,0,0,0,0,0,0,0,0
0x10633216e7e8281e33c86f02bf8e565a635d9770,325,0,6244,1,1,1,0,0,3,0,0,0,0,0,4,0,0,0,0,0,0,0
0xa0391739c2151cee1455615243a4bd13242925b5,85,0,585,4,2,0,0,0,0,0,0,0,0,0,0,0,0,0,0,0,0,0
0xc00e94cb662c3520282e6f5717214004a7f26888,166,0,4980,2,0,0,0,0,0,0,0,0,0,0,0,1,0,0,0,0,0,0
0xe4cfe9eaa8cdb0942a80b7bc68fd8ab0f6d44903,0,0,0,3,0,1,0,0,1,0,0,0,0,0,0,0,0,0,0,0,0,0
0x1ceb5cb57c4d4e2b2433641b95dd330a33185a44,672,1016,39995,2,0,1,1,0,1,3,0,0,0,0,3,1,0,0,0,0,2,0
0xea38eaa3c86c8f9b751533ba2e562deb9acded40,226,0,2685,4,0,0,0,0,0,1,0,0,0,0,5,0,0,0,0,0,0,0
0x45dc0b356163708169d13281d82d0a29d67be26f,108,0,758,2,4,1,0,0,5,0,0,0,0,0,0,0,0,0,0,0,0,0
0x0202be363b8a4820f3f4de7faf5224ff05943ab1,218,0,2351,1,0,1,0,0,3,0,0,0,0,0,2,0,0,0,0,0,0,0
0x61402276c74c1def19818213dfab2fdd02361238,121,69,876,4,13,1,0,0,2,1,0,0,0,0,0,0,0,0,0,0,0,0
0x888888848b652b3e3a0f34c96e00eec0f3a23f72,266,0,2855,2,0,1,0,0,2,0,0,0,0,0,1,0,0,1,0,0,0,0
0x103c3a209da59d3e7c4a89307e66521e081cfdf0,131,0,766,2,6,1,0,0,3,2,0,0,0,0,0,0,0,0,0,0,0,0
0xca13c064b7a5f3a8c763312a883499a10b2614cc,387,232,3421,4,4,0,0,0,0,0,0,0,0,0,0,0,0,0,0,0,0,0
0xadb2437e6f65682b85f814fbc12fec0508a7b1d0,0,0,0,4,0,0,0,0,0,0,0,0,0,0,1,1,0,0,0,0,0,0
0x621befef35d39313202128aa72ccb5e0ffdf3af1,797,896,13627,2,3,1,0,0,4,0,0,0,0,0,0,0,0,0,0,0,0,0
0x80fb784b7ed66730e8b1dbd9820afd29931aab03,196,0,2580,4,3,1,0,0,2,0,0,0,0,0,0,0,0,0,0,0,0,0
0x26fb86579e371c7aedc461b2ddef0a8628c93d3b,211,68,820,2,0,1,0,0,2,1,0,0,0,0,0,0,0,0,0,0,0,0
0x383b31de249444711daf30646a538c8f8fba0ed5,128,0,475,4,0,0,0,0,0,1,0,0,0,0,0,0,0,0,0,0,0,0
0x0c572544a4ee47904d54aaa6a970af96b6f00e1b,394,108,3767,3,0,1,0,0,1,0,0,0,0,0,0,0,0,0,0,0,0,0
0x0649cef6d11ed6f88535462e147304d3fe5ae14d,171,70,1181,2,7,1,0,0,4,0,0,0,0,0,0,0,0,0,0,0,0,1
0xe8663a64a96169ff4d95b4299e7ae9a76b905b31,191,48,868,2,0,1,0,0,3,1,0,0,0,0,0,0,0,0,0,0,0,0
0x5adc961d6ac3f7062d2ea45fefb8d8167d44b190,576,574,5221,2,3,1,0,0,3,0,0,0,0,0,0,0,0,0,0,0,0,0
0xa849eaae994fb86afa73382e9bd88c2b6b18dc71,234,0,1086,4,0,0,0,0,0,2,0,0,0,0,1,0,0,0,0,0,0,0
0x91af0fbb28aba7e31403cb457106ce79397fd4e6,237,0,2575,3,0,1,0,0,0,0,0,0,0,0,0,0,0,0,0,0,0,0
0x61e90a50137e1f645c9ef4a0d3a4f01477738406,297,48,2906,2,0,1,0,0,1,0,0,0,0,0,0,0,0,0,0,0,0,0
0x5d3a536e4d6dbd6114cc1ead35777bab948e3643,203,227,2498,3,8,0,0,0,0,0,0,0,0,0,0,0,0,0,0,0,0,0
0xa68779fe876360b9dd65e0582c4c4c51e0d6f1ae,362,328,13982,4,0,1,0,0,1,0,0,2,0,0,3,0,0,0,0,0,2,0
0x92d6c1e31e14520e676a687f0a93788b716beff5,807,0,14110,4,2,0,0,0,0,5,0,0,0,0,5,1,0,0,0,0,0,0
0x198a87b3114143913d4229fb0f6d4bcb44aa8aff,101,0,435,4,0,0,0,0,0,1,0,0,0,0,0,0,0,0,0,0,0,0
0x2abd74b67ebb1cb9dbe6ec222e92dad2f7fee194,202,0,1007,2,0,1,0,0,0,1,0,0,0,0,0,0,0,0,0,0,0,0
0x9da069db21d27fd9040328f7bebf1941d8c2d7a0,69,68,613,2,7,1,0,0,4,0,0,0,0,0,0,0,0,0,0,0,0,0
0x6c6ee5e31d828de241282b9606c8e98ea48526e2,141,0,1473,4,0,0,0,0,0,1,0,0,0,0,0,0,0,0,0,0,0,0
0x80d6c1d4515e0fa811bccc3ab225c89e5348c582,360,0,7283,2,3,1,0,0,1,3,0,0,0,0,5,0,0,0,0,0,0,0
0xc770eefad204b5180df6a14ee197d99d808ee52d,182,30,1267,4,0,0,0,0,0,0,0,0,0,0,0,0,0,0,0,0,0,0
0x40395044ac3c0c57051906da938b54bd6557f212,142,135,3652,2,11,1,0,0,2,22,0,0,0,0,0,0,0,0,0,0,0,0
0xbebdb5249c879b4c410857a7021f4f5cf958aa62,70,69,622,2,8,1,0,0,4,0,0,0,0,0,0,0,0,0,0,0,0,0
0xd3e4ba569045546d09cf021ecc5dfe42b1d7f6e4,161,93,1224,2,0,1,0,0,2,0,0,0,0,0,0,0,0,0,0,0,0,0
0x1fc3db544c4d4dd09f7a0524f3c64c9d0ac2abac,117,63,764,2,4,1,0,0,3,0,0,0,0,0,0,0,0,0,0,0,0,0
0xc27a2f05fa577a83ba0fdb4c38443c0718356501,371,388,3692,4,0,0,0,0,0,1,0,0,0,0,0,0,0,0,0,0,0,0
0x0e69d0a2bbb30abcb7e5cfea0e4fde19c00a8d47,279,37,2082,2,2,1,0,0,3,0,0,0,0,0,4,0,0,0,0,0,0,0
0x7d5121505149065b562c789a0145ed750e6e8cdd,0,0,0,4,0,0,0,0,0,0,0,0,0,0,0,0,0,0,0,0,0,0
0xc0eb85285d83217cd7c891702bcbc0fc401e2d9d,138,160,1334,2,12,1,0,0,5,8,0,0,2,0,0,0,0,0,0,0,0,0
0x4df812f6064def1e5e029f1ca858777cc98d2d81,499,1834,18837,3,13,2,1,0,25,0,0,3,0,0,0,2,0,1,0,0,0,0
0x8f8221afbb33998d8584a2b05749ba73c37a938a,359,223,1764,2,1,1,0,0,3,4,0,0,0,0,8,0,0,0,0,0,0,0
0x765f0c16d1ddc279295c1a7c24b0883f62d33f75,285,490,9431,2,0,1,0,0,2,0,0,0,1,0,0,0,0,0,0,0,0,0
0x865ec58b06bf6305b886793aa20a2da31d034e68,168,0,597,4,0,0,0,0,0,1,0,0,0,0,0,0,0,0,0,0,0,0
0x3432b6a60d23ca0dfca7761b7ab56459d9c964d0,0,0,0,3,2,0,0,0,0,0,0,0,0,0,0,1,0,0,0,0,0,0
0x523a4d2e260ee6230b4a99f1c74833e0aca94178,95,0,368,4,0,0,0,0,0,1,0,0,0,0,0,0,0,0,0,0,0,0
0x539efe69bcdd21a83efd9122571a64cc25e0282b,140,0,681,4,0,0,0,0,0,2,0,0,0,0,0,0,0,0,0,0,0,0
0xfc979087305a826c2b2a0056cfaba50aad3e6439,146,0,642,4,0,0,0,0,0,1,0,0,0,0,0,0,0,0,0,0,0,0
0xebd9d99a3982d547c5bb4db7e3b1f9f14b67eb83,150,0,614,4,2,0,0,0,0,3,0,0,0,0,0,0,0,0,0,0,0,1
0x0e973e3f25eea2d43919436e59744e7ed993ad9c,195,0,859,4,3,0,0,0,0,0,0,0,0,0,2,0,0,0,0,0,0,1
0x746dda2ea243400d5a63e0700f190ab79f06489e,129,0,1123,3,2,1,0,0,0,0,0,0,0,0,0,0,0,0,0,0,0,1
0x15bda08c3afbf5955d6e9b235fd55a1fd0dbc829,97,0,680,3,0,0,0,0,0,1,0,0,0,0,8,0,0,0,0,0,0,0
0xd9ec3ff1f8be459bb9369b4e79e9ebcf7141c093,176,0,1253,3,0,0,0,0,0,0,0,0,0,0,0,0,0,0,0,0,0,0
0x3d9233f15bb93c78a4f07b5c5f7a018630217cb3,472,189,8080,3,8,1,1,0,2,0,0,0,1,0,6,0,0,0,0,0,2,0
0x97472ce862fc811ecbed9f3123e1dbf55fe40c9b,104,0,250,4,0,0,0,0,0,2,0,0,0,0,0,0,0,0,0,0,0,0
0xd8912c10681d8b21fd3742244f44658dba12264e,75,0,415,1,14,4,0,0,4,0,0,0,0,0,0,0,0,1,0,0,0,1
0xea3983fc6d0fbbc41fb6f6091f68f3e08894dc06,242,0,6168,4,1,0,0,0,0,1,0,0,0,0,0,0,0,0,0,0,0,0
0x808507121b80c02388fad14726482e061b8da827,0,0,0,4,0,1,0,0,1,0,0,0,0,0,1,1,0,0,0,0,2,0
0x32d74896f05204d1b6ae7b0a3cebd7fc0cd8f9c7,102,0,441,4,0,0,0,0,0,1,0,0,0,0,0,0,0,0,0,0,0,0
0x340d2bde5eb28c1eed91b2f790723e3b160613b7,279,316,1151,2,0,1,0,0,1,5,0,0,0,0,0,0,0,0,0,0,0,0
0x0a54468c18bce768876b00cdc82c3164afc74e05,127,0,935,2,0,1,0,0,3,1,0,0,0,0,0,0,0,0,0,0,0,0
0x740e25f0ab8298170c2d444f5f83e1a4a9b72b85,0,0,0,4,0,0,0,0,0,0,0,0,0,0,0,0,0,0,0,0,0,0
0x985dd3d42de1e256d09e1c10f112bccb8015ad41,414,60,3311,2,3,0,0,1,0,0,0,0,0,0,0,0,0,0,0,0,0,1
0xe18d3f87234b654a09c8e2fc4fc521ff673fa64d,160,0,1399,4,0,0,0,0,0,0,0,0,0,0,0,0,0,0,0,0,0,0
0x8806926ab68eb5a7b909dcaf6fdbe5d93271d6e2,250,0,2088,2,1,1,0,0,5,2,0,0,0,0,0,0,0,0,0,0,0,0
0x78b7fada55a64dd895d8c8c35779dd8b67fa8a05,121,0,717,4,2,0,0,0,0,0,0,0,0,0,0,0,0,0,0,0,0,0
0x2b591e99afe9f32eaa6214f7b7629768c40eeb39,1804,0,49581,1,1,1,0,0,0,1,0,0,0,0,7,0,0,0,0,1,0,0
0x6c920e583d67c08028464d8056fbbd02302207ea,317,0,2285,4,0,0,0,0,0,0,0,0,0,0,0,0,0,0,0,0,0,0
0x78a2a1029e3168b49d3a276c787050ff5106dcf2,182,69,1582,2,3,1,0,0,4,0,0,0,4,0,9,0,0,0,0,0,0,1
0x5732046a883704404f284ce41ffadd5b007fd668,219,0,1318,4,0,0,0,0,0,0,0,0,0,0,0,0,1,0,0,0,0,0
0x12b19d3e2ccc14da04fae33e63652ce469b3f2fd,325,436,3843,2,8,1,0,0,4,12,0,0,0,0,0,0,0,0,0,0,0,1
0x913d8adf7ce6986a8cbfee5a54725d9eea4f0729,162,0,1423,4,2,0,0,0,0,0,0,0,0,0,0,0,0,0,0,0,0,0
0x0c27eb966fea5f8752bfee51e11db2c301a8cd87,63,0,407,3,2,0,0,0,0,0,0,0,0,0,0,0,0,0,0,0,0,0
0x7ddc52c4de30e94be3a6a0a2b259b2850f421989,0,0,0,4,0,0,0,0,0,0,0,0,0,0,0,0,0,0,0,0,0,0
0x155040625d7ae3e9cada9a73e3e44f76d3ed1409,465,52,4734,2,0,1,0,0,1,0,0,0,0,0,0,0,0,0,0,0,0,0
0x89ab32156e46f46d02ade3fecbe5fc4243b9aaed,721,234,12990,2,2,1,0,0,1,2,0,0,0,0,2,0,0,0,0,0,0,0
0x0000000000075efbee23fe2de1bd0b7690883cc9,93,0,478,4,0,0,0,0,0,0,0,0,0,0,0,0,0,0,0,0,0,0
0x7e4fd7494671b6585ef5d30b8955b87b071515ed,159,0,1904,4,0,0,0,0,0,0,0,0,0,0,0,0,0,0,0,0,0,0
0xadd5e881984783dd432f80381fb52f45b53f3e70,404,54,4945,4,0,0,0,0,0,0,0,0,0,0,0,0,0,0,0,0,0,0
0x8fc8f8269ebca376d046ce292dc7eac40c8d358a,330,54,4735,4,0,0,0,0,0,0,0,0,0,0,0,0,0,0,0,0,0,0
0x48c276e8d03813224bb1e55f953adb6d02fd3e02,137,0,1576,4,0,0,0,0,0,0,0,0,0,0,0,0,0,0,0,0,0,0
0x4a220e6096b25eadb88358cb44068a3248254675,107,0,632,4,0,0,0,0,0,1,0,0,0,0,0,0,0,0,0,0,0,0
0x03ab458634910aad20ef5f1c8ee96f1d6ac54919,131,0,1965,4,8,0,0,0,0,0,0,0,0,0,2,0,0,0,0,0,0,0
0xf938424f7210f31df2aee3011291b658f872e91e,189,0,2798,4,0,0,0,0,0,0,0,0,0,0,0,0,0,0,0,0,0,0
0x0b4bdc478791897274652dc15ef5c135cae61e60,43,0,139,4,2,0,0,0,0,0,0,0,0,0,0,0,0,0,0,0,0,0
0xf76d4c449498dfd0c3f5a33ded00e796eb77a8d8,147,0,967,4,2,0,0,0,0,0,0,0,0,0,0,0,0,0,0,0,0,0
0x2c0f41eb07a0635bac34bd7d11d0ca6058279601,69,0,382,4,1,0,0,0,0,0,0,0,0,0,0,0,0,0,0,0,0,0
0x7b6f71c8b123b38aa8099e0098bec7fbc35b8a13,183,0,2082,4,2,0,0,0,0,0,0,0,0,0,0,0,0,0,0,0,0,0
0xb63b606ac810a52cca15e44bb630fd42d8d1d83d,282,49,2313,3,2,0,0,0,1,0,0,0,0,0,0,0,0,0,0,0,0,1
0x1a7a8bd9106f2b8d977e08582dc7d24c723ab0db,287,49,1781,2,8,1,0,0,1,1,0,0,0,0,0,0,0,0,0,0,0,0
0x245e45c2efeda67c19bbf6c223e4bd11caa6028c,155,0,1962,4,2,0,0,0,0,0,0,0,0,0,0,0,0,0,0,0,0,0
0x9aab071b4129b083b01cb5a0cb513ce7eca26fa5,197,30,1312,4,0,0,0,0,0,0,0,0,0,0,0,0,0,0,0,0,0,0
0xa50eb8d9bcf881e05f763b15bf215c014394b47f,209,0,3039,2,0,1,0,0,1,0,0,0,0,0,0,0,0,0,0,0,0,0
0xde9ab41040a1fe5ea59e89d8f02e49f514532538,132,0,498,4,0,0,0,0,0,1,0,0,0,0,0,0,0,0,0,0,0,0
0x9e32b13ce7f2e80a01932b42553652e053d6ed8e,0,0,0,4,0,0,0,0,0,0,0,0,0,0,0,0,0,0,0,0,0,0
0x45beac12eefb621479a669262591986d963a0cfe,166,0,2757,4,0,0,0,0,0,0,0,0,0,0,0,0,0,0,0,0,0,0
0xcca0c9c383076649604ee31b20248bc04fdf61ca,270,0,1269,3,0,0,0,0,0,1,0,0,0,0,0,0,0,0,0,0,0,0
0x4092678e4e78230f46a1534c0fbc8fa39780892b,155,0,1149,4,1,0,0,0,0,0,0,0,0,0,4,0,0,0,0,0,0,0
0x39bb259f66e1c59d5abef88375979b4d20d98022,150,0,614,4,0,0,0,0,0,3,0,0,0,0,0,0,0,0,0,0,0,0
0xbe78b84af3ef9e9759ff5c8e0d552063bf99db57,115,0,1079,4,0,0,0,0,0,0,0,0,0,0,0,0,0,0,0,0,0,0
0x1f9840a85d5af5bf1d1762f925bdaddc4201f984,262,0,7786,4,0,0,0,0,0,0,0,0,0,0,0,1,0,0,0,0,0,0
0xaaaf91d9b90df800df4f55c205fd6989c977e73a,248,402,9800,2,4,1,0,0,2,49,0,0,2,0,0,0,0,0,0,0,0,1
0xf14922001a2fb8541a433905437ae954419c2439,289,33,2398,2,0,1,0,0,2,1,0,0,0,0,2,0,0,0,0,0,0,0
0x2ab6bb8408ca3199b8fa6c92d5b455f820af03c4,258,0,2725,2,27,1,0,0,5,0,0,0,0,0,7,0,0,0,0,0,0,0
0x4c6ec08cf3fc987c6c4beb03184d335a2dfc4042,169,0,1922,4,2,0,0,0,0,0,0,0,0,0,0,0,0,0,0,0,0,0
0x8798249c2e607446efb7ad49ec89dd1865ff4272,177,24,1974,2,2,1,0,0,1,0,0,1,0,0,0,0,0,0,0,0,0,0
0x226bb599a12c826476e3a771454697ea52e9e220,223,332,6987,2,25,0,0,0,11,0,0,0,2,0,1,0,2,0,0,0,0,1
0x00fdae9174357424a78afaad98da36fd66dd9e03,106,0,593,4,4,0,0,0,0,0,0,0,0,0,0,0,0,0,0,0,0,0
0xe8ff5c9c75deb346acac493c463c8950be03dfba,88,0,468,4,0,0,0,0,0,2,0,0,0,0,0,0,0,0,0,0,0,0
0xbbc2ae13b23d715c30720f079fcd9b4a74093505,151,0,1865,4,0,0,0,0,0,0,0,0,0,0,0,0,0,0,0,0,0,0
0x1e18821e69b9faa8e6e75dffe54e7e25754beda0,213,30,2192,4,2,0,0,0,0,0,0,0,0,0,0,0,0,0,0,0,0,0
0x8400d94a5cb0fa0d041a3788e395285d61c9ee5e,257,369,8249,3,20,1,0,0,11,0,0,0,2,0,1,0,2,0,0,0,0,0
0xb6dc5866419e78724e478527a4a59fc3eb096d06,155,0,2147,4,0,0,0,0,0,0,0,0,0,0,0,0,0,0,0,0,0,0
0x786001c9c5ca6e502deb8a8a72480d2147891f32,180,0,794,4,0,0,0,0,0,0,0,0,0,0,0,0,0,0,0,0,0,0
0x3ab6ed69ef663bd986ee59205ccad8a20f98b4c2,99,0,954,2,0,1,0,0,6,0,0,0,0,0,0,1,0,0,0,0,0,0
0x4ffc3a02783e419dbc2ab71b953ede1d72350937,75,0,413,3,5,1,0,0,4,12,0,0,0,0,0,0,0,0,0,0,0,0
0x68aa3f232da9bdc2343465545794ef3eea5209bd,351,739,14058,3,0,1,0,0,2,30,0,0,1,0,0,0,0,0,0,0,0,0
0xe5b826ca2ca02f09c1725e9bd98d9a8874c30532,146,0,663,4,2,0,0,0,0,0,0,0,0,0,0,0,0,0,0,0,0,1
0x2791bfd60d232150bff86b39b7146c0eaaa2ba81,213,0,2331,4,0,0,0,0,0,0,0,0,0,0,0,0,0,0,0,0,0,0
0x6758b7d441a9739b98552b373703d8d3d14f9e62,215,108,983,2,4,1,1,0,6,0,0,0,1,1,0,0,0,0,0,0,0,1
0x8feeb9f36f484b312a30cb5486aa99976dab63b0,290,0,3281,4,0,0,0,0,0,0,0,0,0,0,0,0,0,0,0,0,0,0
0x626e8036deb333b408be468f951bdb42433cbf18,0,0,0,4,0,0,0,0,0,0,0,0,0,0,0,0,0,0,0,0,0,0
0xfe48bfff0eaedcb3724c8c0e8bda26e267f0a651,211,85,1787,3,0,1,0,0,0,0,0,0,0,0,0,0,0,0,0,0,0,0
0xd70e3648c29820c7e6f6f85da9ea9b71173d2907,223,0,2450,4,0,0,0,0,0,0,0,0,0,0,0,0,0,0,0,0,0,0
0x33e07f5055173cf8febede8b21b12d1e2b523205,19,0,0,4,1,0,0,0,0,0,0,0,0,0,0,0,0,0,0,0,0,0
0x0e22734e078d6e399bcee40a549db591c4ea46cb,241,30,1548,4,2,0,0,0,0,0,0,0,0,0,0,0,0,0,0,0,0,1
0xb683d83a532e2cb7dfa5275eed3698436371cc9f,147,0,515,4,0,0,0,0,0,1,0,0,0,0,0,0,0,0,0,0,0,0
0x7c5a0ce9267ed19b22f8cae653f198e3e8daf098,223,123,2968,3,9,0,0,0,2,34,0,0,0,0,0,0,0,0,0,0,0,0
0x3506424f91fd33084466f402d5d97f05f8e3b4af,362,93,2346,4,0,0,0,0,0,0,0,0,0,0,0,0,0,0,0,0,0,0
0xa248af02dff92dfd9179d4adebad21fa878aeaaa,356,322,13413,2,0,1,0,0,1,0,0,2,0,0,3,0,0,0,0,0,2,0
0x56d811088235f11c8920698a204a5010a788f4b3,277,148,3854,4,2,0,0,0,0,0,0,0,0,0,0,3,0,0,0,0,0,0
0x8069080a922834460c3a092fb2c1510224dc066b,70,0,211,4,0,0,0,0,0,0,0,0,0,0,0,0,0,0,0,0,0,0
0xc7c03b8a3fc5719066e185ea616e87b88eba44a3,171,66,1046,1,11,1,0,0,4,4,0,0,0,0,0,4,0,0,0,0,0,0
0x7bd4fdba35f9ee02c908bea3ffa9172cb314114d,153,0,2114,4,0,0,0,0,0,0,0,0,0,0,0,0,0,0,0,0,0,0
0x1250baf965e4ae460db5e75f7cb067c57e0b2541,151,0,2138,4,0,0,0,0,0,0,0,0,0,0,0,0,0,0,0,0,0,0
0x5ba19d656b65f1684cfea4af428c23b9f3628f97,295,214,5791,2,0,1,0,0,1,0,0,0,0,0,0,0,0,0,0,0,0,0
0x557b933a7c2c45672b610f8954a3deb39a51a8ca,272,0,2085,4,0,0,0,0,0,0,0,0,0,0,0,0,0,0,0,0,0,0
0x90312969783367bee9e3d1da6288be6eb5b4e0ec,338,419,2023,4,0,0,0,0,0,2,0,0,0,0,0,0,0,0,0,0,0,0
0xf5238462e7235c7b62811567e63dd17d12c2eaa0,617,0,52809,2,0,1,0,0,1,0,0,0,0,0,0,0,0,0,0,0,0,0
0xbe2cb098709145e896d5786d25c86a9d804c8854,335,0,5274,4,0,0,0,0,0,0,0,0,0,1,1,1,0,0,0,0,0,0
0x78c4ce8a0f0251da5fa9238a761cf92b23620aba,131,55,1803,3,16,1,0,0,4,24,0,0,1,0,0,0,0,0,0,0,0,1
0x9b99cca871be05119b2012fd4474731dd653febe,658,32,5099,3,0,0,0,0,0,0,1,0,0,0,0,0,0,0,0,0,0,0
0xd8a83ae49d655821b67ec278693f20e9d69e3350,137,0,493,4,0,0,0,0,0,1,0,0,0,0,0,0,0,0,0,0,0,0
0xd017d2403d779a31e1fa2261e0d3997bcacad851,275,707,8960,3,3,1,0,0,4,0,0,0,3,0,0,0,0,0,0,0,0,0
0xae353daeed8dcc7a9a12027f7e070c0a50b7b6a4,127,0,1466,4,0,0,0,0,0,0,0,0,0,0,0,0,0,0,0,0,0,0
0xcfb98637bcae43c13323eaa1731ced2b716962fd,263,0,3048,3,4,1,0,0,1,32,0,0,4,0,0,4,0,0,0,0,0,1
0x2adba23cf1252de095aced801e758b369ec10426,144,0,708,4,0,0,0,0,0,2,0,0,0,0,0,0,0,0,0,0,0,0
0x99d9b19c9470a6af45124398fa6388cce781ecb7,113,0,548,3,0,0,0,0,0,0,0,0,0,0,0,0,0,0,0,0,0,0
0x6e74216fc9ec901c8e0d3fd8acf237e6a2f85413,212,0,815,4,0,0,0,0,0,2,0,0,0,0,0,0,0,0,0,0,0,0
0x99d8a9c45b2eca8864373a26d1459e3dff1e17f3,479,557,5994,3,3,1,0,0,1,0,0,0,0,0,3,0,0,0,0,0,0,0
0x2ecb13a8c458c379c4d9a7259e202de03c8f3d19,369,21,3104,3,4,1,0,0,0,0,0,0,0,0,1,0,0,0,0,0,0,0
0x343a1cae36b1ca047b24fc2780869dc2c1b84137,93,0,507,3,0,0,0,0,0,0,0,0,0,0,0,0,0,0,0,0,0,0
0x52f4ec19369763fae1020d1730d6f41d78598ef9,230,30,1519,2,2,1,0,0,0,0,0,0,0,0,0,0,0,0,0,0,0,0
0xdf574c24545e5ffecb9a659c229253d4111d87e1,349,99,2177,4,0,0,0,0,0,0,0,0,0,0,0,0,0,0,0,0,0,0
0x1a3496c18d558bd9c6c8f609e1b129f67ab08163,324,240,3436,2,6,1,0,0,1,1,0,0,0,0,0,0,0,0,0,0,0,0
0x6c936d4ae98e6d2172db18c16c4b601c99918ee6,136,0,1883,4,0,0,0,0,0,0,0,0,0,0,0,0,0,0,0,0,0,0
0x3fedeb84209ed302c0ce9279e300312349887c33,111,0,995,2,0,1,0,0,2,0,0,0,1,0,0,0,0,0,0,0,0,0
0x8a1e3930fde1f151471c368fdbb39f3f63a65b55,120,0,413,2,0,0,0,0,0,3,0,0,0,0,0,0,0,0,0,0,0,0
0xd49ff13661451313ca1553fd6954bd1d9b6e02b9,138,58,531,2,5,1,0,0,3,3,0,0,0,0,12,0,0,0,0,0,0,0
0x8bbe1a2961b41340468d0548c2cd5b7dfa9b684c,126,0,1240,2,1,1,0,0,4,0,0,0,0,0,0,0,0,0,0,0,0,0
0xaf4995f46264782cd2116d83a281b66292412304,73,0,219,5,4,0,0,0,0,0,0,0,0,0,0,0,0,0,0,0,0,0
0x9f7744961f795fab5e1f4a36779197dac020c2ec,84,0,612,2,5,1,0,0,4,0,0,0,0,0,0,0,0,0,0,0,0,0
0x9f0929bb6264639524d16843d70c536eb2dbbe38,0,0,0,4,0,0,0,0,0,0,0,0,0,0,0,0,0,0,0,0,0,0
0xacfa209fb73bf3dd5bbfb1101b9bc999c49062a5,294,0,6261,3,4,1,0,0,0,0,0,0,1,0,3,0,0,0,0,0,0,0
0xaa7a9ca87d3694b5755f213b5d04094b8d0f0a6f,228,0,2666,2,2,1,0,0,2,4,0,0,0,0,35,0,0,0,0,0,0,0
0x990f341946a3fdb507ae7e52d17851b87168017c,126,0,1352,4,0,0,0,0,0,0,0,0,0,0,0,0,0,0,0,0,0,0
0xbc49970f15dc12e003c3d10a8604a5373cf79ac3,495,419,5711,3,0,1,0,0,0,1,0,0,0,0,0,0,0,0,0,0,0,0
0x3be856c94c7a1ff4f433ae95a48544b1a62ce385,137,57,583,2,1,1,0,0,3,4,0,0,0,0,16,0,0,0,0,0,0,0
0x722f2f3eac7e9597c73a593f7cf3de33fbfc3308,734,1014,18470,2,2,1,0,0,2,1,0,0,0,0,0,0,0,0,0,0,0,1
0x29cbd0510eec0327992cd6006e63f9fa8e7f33b7,161,0,1910,4,0,0,0,0,0,0,0,0,0,0,0,0,0,0,0,0,0,0
0x96a65609a7b84e8842732deb08f56c3e21ac6f8a,229,0,6982,3,3,3,0,0,2,5,0,0,1,0,19,0,0,0,0,0,0,0
0x464ebe77c293e473b48cfe96ddcf88fcf7bfdac0,220,0,1160,4,4,0,0,0,0,0,0,0,0,0,0,0,0,0,0,0,0,0
0xf3e014fe81267870624132ef3a646b8e83853a96,179,0,1859,4,4,0,0,0,0,0,0,0,0,0,4,0,0,0,0,0,0,0
0x630af1ac0ad1f807c32c1daa8ce0fcfa8ea9f716,133,0,1626,4,0,0,0,0,0,0,0,0,0,0,0,0,0,0,0,0,0,0
0x701c244b988a513c945973defa05de933b23fe1d,370,242,5462,3,10,1,0,0,4,47,0,0,1,0,6,0,0,0,0,0,0,0
0x3a4f40631a4f906c2bad353ed06de7a5d3fcb430,338,60,2046,4,2,0,0,0,0,0,0,0,0,0,0,0,0,0,0,0,0,0
0xc0f9bd5fa5698b6505f643900ffa515ea5df54a9,437,707,11786,3,2,1,0,0,6,0,0,0,1,0,0,0,0,0,0,0,0,0
0xee573a945b01b788b9287ce062a0cfc15be9fd86,197,0,794,4,0,0,0,0,0,0,0,0,0,0,0,0,0,0,0,0,0,0
0xf629cbd94d3791c9250152bd8dfbdf380e2a3b9c,322,22,2568,3,2,1,0,0,3,8,0,0,0,0,9,0,0,0,0,0,0,0
0x8e870d67f660d95d5be530380d0ec0bd388289e1,103,0,584,3,6,1,0,0,3,0,0,0,0,0,0,0,0,0,0,0,0,0
0x9f295d05baee0e95f52ac1db0c2bdc26a226e4bb,785,693,17827,3,3,0,0,0,1,2,0,0,0,0,0,0,1,0,14,1,2,0
0xa117000000f279d81a1d3cc75430faa017fa5a2e,148,0,2308,4,1,0,0,0,0,0,0,0,0,0,6,0,0,0,0,0,0,0
0x15b7c0c907e4c6b9adaaaabc300c08991d6cea05,269,0,8242,4,0,0,0,0,0,0,0,0,0,0,0,1,0,0,0,0,0,0
0xffe02ee4c69edf1b340fcad64fbd6b37a7b9e265,323,251,9386,3,5,1,0,0,1,0,0,0,0,0,10,0,0,0,0,0,0,0
0x49229c3902d49be6443e01c0251b02780397ab1a,67,0,358,4,0,0,0,0,0,0,0,0,0,0,0,0,0,0,0,0,0,0
0x0aee8703d34dd9ae107386d3eff22ae75dd616d1,446,0,7754,4,0,0,0,0,0,0,0,0,0,0,4,1,0,0,0,0,0,0
0x36905fc93280f52362a1cbab151f25dc46742fb5,99,0,529,4,0,0,0,0,0,0,0,0,0,0,0,0,0,0,0,0,0,0
0x1f8a626883d7724dbd59ef51cbd4bf1cf2016d13,117,0,773,4,2,0,0,0,0,0,0,0,0,0,0,0,0,0,0,0,0,0
0xd13c7342e1ef687c5ad21b27c2b65d772cab5c8c,368,30,5028,4,0,0,0,0,0,0,0,0,0,0,0,0,0,0,0,0,0,0
0x14c926f2290044b647e1bf2072e67b495eff1905,331,175,3389,2,7,1,0,0,2,0,0,0,0,0,0,0,0,0,0,0,0,0
0xdf49c9f599a0a9049d97cff34d0c30e468987389,79,122,628,0,0,1,0,0,3,1,0,0,0,0,0,0,0,0,0,1,0,0
0x4bd70556ae3f8a6ec6c4080a0c327b24325438f3,98,84,938,3,10,1,0,0,2,0,0,0,0,0,0,0,0,0,0,0,0,0
0xc314b0e758d5ff74f63e307a86ebfe183c95767b,0,0,0,4,0,0,0,0,0,0,0,0,0,0,0,0,0,0,0,0,0,0
0xeb269732ab75a6fd61ea60b06fe994cd32a83549,235,0,1787,4,5,0,0,0,0,0,0,0,0,0,0,0,0,0,0,0,0,0
0x2a9bdcff37ab68b95a53435adfd8892e86084f93,360,34,3419,3,2,0,0,0,0,1,0,0,0,0,0,0,0,0,0,0,0,0
0x601d244d9fe9434e03ccf7d9cd8f4d4d4f8790a9,354,54,4099,2,2,0,0,0,0,0,0,0,0,0,0,0,0,0,0,0,0,0
0x8aa688ab789d1848d131c65d98ceaa8875d97ef1,75,0,600,4,4,0,0,0,0,0,0,0,0,0,0,0,0,0,0,0,0,0
0x8642a849d0dcb7a15a974794668adcfbe4794b56,0,0,0,4,0,0,0,0,0,0,0,0,0,0,0,0,0,0,0,0,0,0
0x63f584fa56e60e4d0fe8802b27c7e6e3b33e007f,184,0,2204,4,1,0,0,0,0,2,0,0,0,0,20,0,0,0,0,0,0,0
0x0c7d5ae016f806603cb1782bea29ac69471cab9c,213,0,2331,2,0,0,0,0,0,0,0,0,0,0,0,0,0,0,0,0,0,0
0xa9b1eb5908cfc3cdf91f9b8b3a74108598009096,184,0,1965,2,0,1,0,0,2,0,0,0,0,0,0,0,0,0,0,0,0,0
0x6468e79a80c0eab0f9a2b574c8d5bc374af59414,290,77,2544,4,4,0,0,0,0,4,0,0,0,0,0,0,0,0,0,0,0,0
0xca1207647ff814039530d7d35df0e1dd2e91fa84,113,0,639,3,0,0,0,0,0,0,0,0,0,0,0,0,0,0,0,0,0,0
0x1a335045f32cebf5ab13f447ef071199dd353347,389,360,5578,2,2,1,0,0,1,0,0,0,0,0,2,0,0,0,0,0,0,0
0xd4c435f5b09f855c3317c8524cb1f586e42795fa,290,490,9453,2,0,1,0,0,1,0,0,0,0,0,0,0,0,0,0,0,0,0
0x0db8d8b76bc361bacbb72e2c491e06085a97ab31,81,66,623,3,8,1,0,0,3,0,0,0,0,0,0,0,0,0,0,0,0,0
0xe2dc070524a6e305ddb64d8513dc444b6a1ec845,350,54,4301,4,0,0,0,0,0,0,0,0,0,0,0,0,0,0,0,0,0,0
0xed1eba8b87cd7e04e9389f65f7aeca750c85a010,389,283,6047,2,2,1,0,0,8,0,0,0,1,0,0,0,0,0,0,0,0,0
0xe1ba48616d22a1853c8a012a6f029497ba940f56,125,0,434,4,3,0,0,0,0,20,0,0,0,0,0,0,0,0,0,0,0,1
0x8ae4bf2c33a8e667de34b54938b0ccd03eb8cc06,299,49,2546,3,2,0,0,0,1,0,0,0,0,0,0,0,0,0,0,0,0,1
0x89fb927240750c1b15d4743cd58440fc5f14a11c,94,0,443,2,3,1,0,0,3,0,0,0,0,0,0,0,0,0,0,0,0,0
0xb5f406dd1dec522542c8504c4c31b7940f5d895c,133,0,599,4,0,0,0,0,0,1,0,0,0,0,0,0,0,0,0,0,0,0
0xa576b808167c9e7a4208988258fd8a8efea2fc4f,102,0,436,4,0,0,0,0,0,1,0,0,0,0,0,0,0,0,0,0,0,0
0x6810e776880c02933d47db1b9fc05908e5386b96,86,0,544,5,3,0,0,0,0,10,0,0,0,0,0,0,0,0,0,0,0,0
0x081f67afa0ccf8c7b17540767bbe95df2ba8d97f,0,0,0,3,0,1,0,0,2,0,0,0,2,0,0,0,0,0,0,0,0,0
0xb9469430eabcbfa77005cd3ad4276ce96bd221e3,65,0,343,3,7,1,0,0,4,0,0,0,0,0,0,0,0,0,0,0,0,0
0x12bb890508c125661e03b09ec06e404bc9289040,375,0,6723,2,9,1,0,0,3,0,0,0,0,0,1,1,0,0,0,0,0,0
0x85e076361cc813a908ff672f9bad1541474402b2,79,0,611,4,0,0,0,0,0,1,0,0,0,0,0,0,0,0,0,0,0,0
0xc1f976b91217e240885536af8b63bc8b5269a9be,219,0,2931,4,2,0,0,0,0,0,0,0,0,0,0,0,0,0,0,0,0,0
0x3a61486eb175364242772398ee3753ad549f430b,149,0,361,3,0,1,0,0,0,22,0,0,0,0,0,0,0,0,0,0,0,0
0x073af3f70516380654ba7c5812c4ab0255f081bc,411,129,2449,3,2,1,0,0,2,0,0,0,0,0,0,0,0,0,0,0,2,0
0x0c04eb2cb33736282fccbe0c0dc7846dd0dd1d17,167,0,577,4,0,0,0,0,0,1,0,0,0,0,0,0,0,0,0,0,0,0
0xaa52c04c7b18c2ebdba34627bde40c0bf241065c,317,30,2192,3,0,1,0,0,0,0,0,0,0,0,0,0,0,0,0,0,0,0
0x618e75ac90b12c6049ba3b27f5d5f8651b0037f6,132,0,342,4,0,0,0,0,0,0,0,0,0,0,0,0,0,0,0,0,0,0
0xb6ee9668771a79be7967ee29a63d4184f8097143,263,49,1731,2,5,1,0,0,1,0,0,0,0,0,0,0,0,0,0,0,0,0
0x671abbe5ce652491985342e85428eb1b07bc6c64,78,77,1618,2,10,1,0,0,3,20,0,0,0,0,0,0,0,0,0,0,0,0
0x84ca8bc7997272c7cfb4d0cd3d55cd942b3c9419,182,0,1488,4,0,0,0,0,0,0,0,0,0,0,0,0,0,0,0,0,0,0
0x1c5d584bd9bbf1138f1f38b4a5fb056d603e78b8,190,0,2745,4,2,0,0,0,0,0,0,0,0,0,0,0,0,0,0,0,0,0
0x430ef9263e76dae63c84292c3409d61c598e9682,306,32,2158,1,0,0,0,0,0,0,0,0,0,0,0,0,0,0,0,0,0,0
0x599ede2a1fc719b8dbbd5a4bb1209511595acf9b,177,0,3089,4,3,0,0,0,2,25,0,0,1,0,0,0,0,0,0,0,0,0
0x9469d013805bffb7d3debe5e7839237e535ec483,401,319,6299,3,0,1,1,0,3,7,0,0,0,0,0,0,2,0,0,0,0,0
0x589891a198195061cb8ad1a75357a3b7dbadd7bc,189,103,1803,2,11,1,0,0,2,0,0,0,0,0,0,0,0,0,0,0,0,0
0x5f94b2e7bfd0b609fd6de93b6dec936f071a7bb0,165,0,632,4,0,0,0,0,0,1,0,0,0,0,0,0,0,0,0,0,0,0
0x5d48f293baed247a2d0189058ba37aa238bd4725,223,0,2574,2,4,1,0,0,3,0,0,0,0,0,0,0,0,0,0,0,0,0
0x377d552914e7a104bc22b4f3b6268ddc69615be7,155,0,1140,2,0,1,0,0,1,0,0,0,0,0,0,0,0,0,0,1,0,0
0xb98d4c97425d9908e66e53a6fdf673acca0be986,150,0,560,4,0,0,0,0,0,1,0,0,0,0,0,0,0,0,0,0,0,0
0xba50933c268f567bdc86e1ac131be072c6b0b71a,193,0,1936,4,0,0,0,0,0,0,0,0,0,0,0,0,0,0,0,0,0,0
0xddb3422497e61e13543bea06989c0789117555c5,225,0,822,2,0,1,0,0,2,1,0,0,2,0,0,0,0,0,0,0,0,0
0xecc0f1f860a82ab3b442382d93853c02d6384389,285,60,1703,4,2,0,0,0,0,0,0,0,0,0,0,0,0,0,0,0,0,0
0xf4134146af2d511dd5ea8cdb1c4ac88c57d60404,114,88,2465,3,8,1,0,0,2,22,0,0,0,0,0,3,0,0,0,0,0,0
0x174cf8136b3a004ff3f7b09c04c822fc0af896b6,205,136,913,3,3,2,0,0,10,0,0,0,1,0,0,0,0,0,0,0,0,0
0x66526ce5502de53968e95fa57cc7724c670dc8ea,91,0,386,2,1,1,0,0,3,0,0,0,0,0,0,0,0,0,0,0,0,0
0x77a7527776530bf416b6b59bf357a49f1ce1d3da,156,0,1340,4,2,0,0,0,0,0,0,0,0,0,0,0,0,0,0,0,0,0
0xdf801468a808a32656d2ed2d2d80b72a129739f4,0,0,0,2,0,1,0,0,0,1,0,0,0,0,0,0,0,0,0,0,0,0
0x814e0908b12a99fecf5bc101bb5d0b8b5cdf7d26,274,172,2787,2,4,1,0,0,3,3,0,0,0,0,0,0,0,0,0,0,0,0
0x72fd45107ae253eaa2ce203cd434635c0389adb1,169,0,1922,4,2,0,0,0,0,0,0,0,0,0,0,0,0,0,0,0,0,0
0x08a70b53b5e8b74a60c870bfe1642219a33462ff,130,0,1606,4,2,0,0,0,0,0,0,0,0,0,0,0,0,0,0,0,0,0
0x2f04435221cf2da250134393fcbe865e1557a1bd,56,0,292,4,0,0,0,0,0,0,0,0,0,0,0,0,0,0,0,0,0,0
0x9f7229af0c4b9740e207ea283b9094983f78ba04,167,0,5177,4,0,0,0,0,0,0,0,0,0,0,0,1,0,0,0,0,0,0
0x4156d3342d5c385a87d264f90653733592000581,58,0,306,4,6,0,0,0,0,0,0,0,0,0,0,0,0,0,0,0,0,1
0xe25bcec5d3801ce3a794079bf94adf1b8ccd802d,175,174,3307,4,12,1,0,0,5,0,0,0,3,0,13,0,0,0,0,0,0,0
0xa3ee21c306a700e682abcdfe9baa6a08f3820419,362,0,13385,3,1,1,0,0,0,0,0,0,0,0,0,0,0,0,0,0,0,0
0x612685828926ccb43b63bc46ad6d3b97e0eab69d,364,0,2903,3,2,1,0,0,0,0,0,0,0,0,1,0,0,0,0,0,0,0
0x818fc6c2ec5986bc6e2cbf00939d90556ab12ce5,406,421,6478,2,1,1,0,0,3,2,0,0,0,0,0,0,0,0,0,0,0,0
0x8287c7b963b405b7b8d467db9d79eec40625b13a,304,0,5211,4,2,0,0,0,0,0,0,0,0,0,0,0,0,0,0,0,0,0
0xb5a00e30602ee03074f4f8e996adaf9dc96224a4,107,0,748,3,7,1,0,0,5,0,0,0,0,0,0,0,0,0,0,0,0,0
0x001a8ffcb0f03e99141652ebcdecdb0384e3bd6c,0,0,0,4,0,0,0,0,0,0,0,0,0,0,0,0,0,0,0,0,0,0
0xdd16ec0f66e54d453e6756713e533355989040e4,113,0,439,4,0,0,0,0,0,1,0,0,0,0,0,0,0,0,0,0,0,0
0x73b97f0b2d5e082e38ef3b89c40454af393f2bb7,172,61,1230,2,0,1,0,0,3,0,0,0,0,0,5,0,0,0,0,0,0,0
0x900e2729701c794cbe9d8a9dfa861dd73e61c403,106,0,593,4,4,0,0,0,0,0,0,0,0,0,0,0,0,0,0,0,0,0
0xee9801669c6138e84bd50deb500827b776777d28,440,209,8361,3,2,0,0,0,1,0,0,0,0,0,0,0,0,0,0,0,2,0
0x630d98424efe0ea27fb1b3ab7741907dffeaad78,385,54,4472,3,2,0,0,0,0,0,0,0,0,0,0,0,0,0,0,0,0,0
0xb3919be36ba5fa04dc5173aff16627a114679c10,112,0,1470,4,0,0,0,0,0,0,0,0,0,0,0,0,0,0,0,0,0,0
0x64aa3364f17a4d01c6f1751fd97c2bd3d7e7f1d5,421,62,4478,3,2,0,0,0,1,0,0,0,0,0,1,0,0,0,0,0,0,0
0xf3dcbc6d72a4e1892f7917b7c43b74131df8480e,293,0,4254,4,14,0,0,0,0,0,0,0,0,0,0,0,0,0,0,0,0,0
0x38c87aa89b2b8cd9b95b736e1fa7b612ea972169,214,0,1340,4,0,0,0,0,0,1,0,0,0,0,0,0,0,0,0,0,0,0
0xf5be51fb93f296858344f044ae664af481c1a20d,166,0,592,4,0,0,0,0,0,0,0,0,0,0,0,0,0,0,0,0,0,0
0xc612d620bd2be9d7825542c2423d319be5009b3f,0,0,0,4,0,0,0,0,0,0,0,0,0,0,0,0,0,0,0,0,0,0
0xf1f955016ecbcd7321c7266bccfb96c68ea5e49b,137,0,1720,4,2,0,0,0,0,0,0,0,0,0,0,0,0,0,0,0,0,0
0xde045ef9159d91cf93cc89f4f2173632b1a8d6b8,69,0,276,4,5,0,0,0,0,0,0,0,0,0,0,0,0,0,0,0,0,0
0x50bc2ecc0bfdf5666640048038c1aba7b7525683,170,0,2842,4,8,0,0,0,0,0,0,0,0,0,2,0,0,0,0,0,0,0
0xf9c53268e9de692ae1b2ea5216e24e1c3ad7cb1e,475,35,4299,4,0,0,0,0,0,0,0,0,0,0,1,0,0,0,0,0,0,0
0x0df25e82f835bca5dfaf34050761fcfea0eaafa7,307,49,1949,2,8,1,0,0,1,1,0,0,0,0,0,0,0,0,0,0,0,0
0xf0ee6b27b759c9893ce4f094b49ad28fd15a23e4,142,0,518,4,0,0,0,0,0,1,0,0,0,0,0,0,0,0,0,0,0,0
0x6c5ba91642f10282b576d91922ae6448c9d52f4e,272,33,2031,2,0,0,0,0,0,0,0,0,0,0,0,0,0,0,0,0,0,0
0xfad45e47083e4607302aa43c65fb3106f1cd7607,291,0,8873,4,2,0,0,0,0,0,0,0,0,0,0,0,0,0,0,0,0,0
0xbf2179859fc6d5bee9bf9158632dc51678a4100e,255,0,5141,4,1,0,0,0,0,0,0,0,0,0,0,0,0,0,0,0,0,0
0x3ebb4a4e91ad83be51f8d596533818b246f4bee1,154,0,1568,4,0,0,0,0,0,0,0,0,0,0,0,0,0,0,0,0,0,0
0x08711d3b02c8758f2fb3ab4e80228418a7f8e39c,71,0,615,4,5,0,0,0,0,0,0,0,0,0,14,0,0,0,0,0,0,0
0x52a175413b99ee49b7a743226ddade4f97f161fb,192,30,1312,4,2,0,0,0,0,0,0,0,0,0,0,0,0,0,0,0,0,0
0x75231f58b43240c9718dd58b4967c5114342a86c,0,0,0,4,5,0,0,0,0,0,2,0,0,0,0,0,0,0,0,0,0,0
0xc5bddf9843308380375a611c18b50fb9341f502a,322,255,13173,2,19,1,0,0,3,0,0,0,0,0,4,1,0,0,0,0,0,0
0xdaf88906ac1de12ba2b1d2f7bfc94e9638ac40c4,204,30,1391,2,0,0,0,0,0,0,0,0,0,0,0,0,0,0,0,0,0,0
0x2e95cea14dd384429eb3c4331b776c4cfbb6fcd9,442,30,5431,4,0,0,0,0,0,0,0,0,0,0,0,0,0,0,0,0,0,0
0xdacd69347de42babfaecd09dc88958378780fb62,119,0,1356,4,0,0,0,0,0,0,0,0,0,0,0,0,0,0,0,0,0,0
0x91ca1d9624084c113d295f2a87fe9cf321fe8dc1,117,0,1105,3,0,1,0,0,0,0,0,0,0,0,0,0,0,0,0,0,0,0
0x85352bb3529ed9b4c6731bb2d27aeea56d876d0d,162,0,1423,4,2,0,0,0,0,0,0,0,0,0,0,0,0,0,0,0,0,0
0xba11d00c5f74255f56a5e366f4f77f5a186d7f55,238,30,1777,2,2,1,0,0,1,0,0,0,0,0,0,0,0,0,0,0,2,0
0x853d955acef822db058eb8505911ed77f175b99e,0,0,0,3,2,0,0,0,0,1,0,0,0,0,0,0,0,0,0,0,0,0
0x1edc0fcdd7d0c7a562f092f0e3267d96df5f655c,106,0,593,4,4,0,0,0,0,0,0,0,0,0,0,0,0,0,0,0,0,0
0xd417144312dbf50465b1c641d016962017ef6240,267,48,2958,2,0,1,0,0,3,0,0,0,0,0,1,0,0,0,0,0,0,0
0xb6ed7644c69416d67b522e20bc294a9a9b405b31,213,0,4705,2,2,1,0,0,3,0,0,0,0,0,0,0,0,0,0,0,0,0
0x3893b9422cd5d70a81edeffe3d5a1c6a978310bb,79,0,283,2,3,1,0,0,2,0,0,0,1,0,0,0,0,0,0,0,0,0
0x155ff1a85f440ee0a382ea949f24ce4e0b751c65,209,0,2416,4,0,0,0,0,0,0,0,0,0,0,0,0,0,0,0,0,0,0
0x2f4eb47a1b1f4488c71fc10e39a4aa56af33dd49,0,0,0,4,0,0,0,0,0,0,0,0,0,0,0,0,0,0,0,0,0,0
0x3505f494c3f0fed0b594e01fa41dd3967645ca39,207,12,1585,1,0,1,0,0,6,0,0,0,0,0,0,0,0,0,0,1,0,0
0x4fbb350052bca5417566f188eb2ebce5b19bc964,156,0,731,4,1,0,0,0,0,0,0,0,0,0,0,0,0,0,0,0,0,0
0xa0cf46eb152656c7090e769916eb44a138aaa406,157,0,618,4,0,0,0,0,0,0,0,0,0,0,0,0,0,0,0,0,0,0
0xe2ace83f9acfc236bd95481045990bfa6b711e16,313,178,4855,2,17,1,0,0,12,33,0,0,0,0,0,0,0,0,0,0,0,1
0x253f7b06c1d60c1fbbc9d82c301327eb86e3ba81,131,0,565,3,0,0,0,0,0,0,0,0,0,0,0,0,0,0,0,0,0,0
0xa0bed124a09ac2bd941b10349d8d224fe3c955eb,196,0,2117,4,2,0,0,0,0,0,0,0,0,0,2,0,0,0,0,0,0,0
0x327682779bab2bf4d1337e8974ab9de8275a7ca8,184,0,680,4,0,0,0,0,0,0,0,0,0,0,0,0,0,0,0,0,0,0
0xcafe001067cdef266afb7eb5a286dcfd277f3de5,262,0,7786,3,0,1,0,0,0,0,0,0,0,0,0,1,0,0,0,0,0,0
0xb3319f5d18bc0d84dd1b4825dcde5d5f7266d407,882,928,31406,2,2,1,0,0,2,0,0,11,0,0,0,0,0,0,0,0,0,0
0x8c15ef5b4b21951d50e53e4fbda8298ffad25057,222,0,1123,2,6,1,0,0,4,0,0,0,0,0,0,0,0,0,0,0,0,0
0xa4e9ad64d2c89f96da37d00b856053d44bfa7986,181,63,777,4,0,0,0,0,0,0,0,0,0,0,0,0,0,0,0,0,0,0
0x9e8e83c233bb2340f2d86b777794b8a8b4812e6b,55,0,306,2,0,0,0,0,0,0,0,0,0,0,0,0,0,0,0,0,0,0
0xade2fc8d9955af2f3a69981c26daaf351cc3d728,234,0,987,2,0,0,0,0,0,1,0,0,0,0,0,0,0,0,0,0,0,0
0x00813e3421e1367353bfe7615c7f7f133c89df74,224,221,8622,3,0,0,0,0,1,0,0,0,0,0,0,0,0,0,0,0,0,0
0x0de05f6447ab4d22c8827449ee4ba2d5c288379b,62,0,142,3,0,0,0,0,0,0,0,0,0,0,0,0,0,0,0,0,0,0
0x4cc19356f2d37338b9802aa8e8fc58b0373296e7,448,622,5415,4,0,0,0,0,0,1,0,0,0,0,0,0,0,0,0,0,0,0
0x43044f861ec040db59a7e324c40507addb673142,372,54,4153,4,0,0,0,0,0,0,0,0,0,0,0,0,0,0,0,0,0,0
0x58f9ee4e1a804d4ec04d2ee0710a824188c134ea,265,480,11735,3,4,0,0,0,3,0,0,0,1,0,0,3,0,0,0,0,0,0
0x1af79fb7772ebafebcfd5cc79e67281a814ccb1d,107,0,748,2,6,1,0,0,5,0,0,0,0,0,0,0,0,0,0,0,0,0
0xaa72c1ec95d1e0e9c803e25e0d8a2cddcf5b0302,214,0,1541,4,1,0,0,0,0,1,0,0,0,0,0,0,0,0,0,0,0,0
0x0bc529c00c6401aef6d220be8c6ea1667f6ad93e,185,50,1304,4,0,0,0,0,0,0,0,0,0,0,0,0,0,0,0,0,0,0
0xd4546436cfdf0c5e10805b921f6795e97f5dbe76,109,0,570,4,0,0,0,0,0,0,0,0,0,0,0,0,0,0,0,0,0,0
0x362bc847a3a9637d3af6624eec853618a43ed7d2,324,267,7740,2,0,1,0,0,2,0,0,0,0,0,16,0,0,0,0,0,2,0
0x3a1bda28adb5b0a812a7cf10a1950c920f79bcd3,223,29,720,2,1,1,0,0,3,2,0,0,2,0,0,0,0,0,0,0,0,0
0x23b608675a2b2fb1890d3abbd85c5775c51691d5,0,0,0,4,2,0,0,0,0,0,0,0,0,0,0,0,0,0,0,0,0,0
0xe1ca72ff3434b131765c62cbcbc26060f7aba03d,355,43,2072,1,2,1,1,0,1,4,0,0,1,0,1,0,0,0,0,0,0,1
0x4f9254c83eb525f9fcf346490bbb3ed28a81c667,323,0,1507,4,0,0,0,0,0,1,0,0,0,0,0,0,0,0,0,0,0,0
0xaa19961b6b858d9f18a115f25aa1d98abc1fdba8,166,47,704,1,6,2,0,0,5,1,0,10,0,0,4,0,0,0,80,0,0,0
0x149a23f3d1a1e61e1e3b7eddd27f32e01f9788c7,70,69,622,2,8,1,0,0,3,0,0,0,0,0,0,0,0,0,0,0,0,0
0x08d32b0da63e2c3bcf8019c9c5d849d7a9d791e6,187,0,3701,3,5,1,1,0,0,0,0,0,0,0,0,0,0,0,0,0,0,1
0xe5dada80aa6477e85d09747f2842f7993d0df71c,312,128,3290,4,0,0,0,0,0,1,0,0,0,0,0,0,0,0,0,0,0,0
0x8f693ca8d21b157107184d29d398a8d082b38b76,377,81,2994,2,0,1,0,0,1,0,0,0,0,0,0,0,0,0,0,0,0,0
0x32353a6c91143bfd6c7d363b546e62a9a2489a20,373,100,4526,3,0,0,0,0,1,0,0,0,0,0,0,0,0,0,0,0,0,0
0x6b3595068778dd592e39a122f4f5a5cf09c90fe2,335,0,5274,4,3,0,0,0,0,0,0,0,0,1,1,1,0,0,0,0,0,0
0xd0660cd418a64a1d44e9214ad8e459324d8157f1,0,0,0,2,10,1,0,0,5,0,0,0,0,0,2,0,0,0,0,0,0,0
0xe1d7c7a4596b038ced2a84bf65b8647271c53208,390,135,8220,2,0,1,0,0,1,0,0,0,0,0,0,9,0,0,0,0,0,0
0x7815bda662050d84718b988735218cffd32f75ea,385,30,2947,4,0,0,0,0,0,0,0,0,0,0,0,0,0,0,0,0,0,0
0x8207c1ffc5b6804f6024322ccf34f29c3541ae26,379,0,1639,2,6,1,0,0,3,0,0,0,0,0,10,0,0,0,0,0,0,1
0xa0b86991c6218b36c1d19d4a2e9eb0ce3606eb48,107,0,584,3,6,1,0,0,3,0,0,0,0,0,0,0,0,0,0,0,0,0
0x99ac77522b6866a3770971bbf7f2c06b8e00fe55,105,0,452,2,0,1,0,0,0,0,0,0,0,0,0,0,0,0,0,0,0,0
0xe5a3229ccb22b6484594973a03a3851dcd948756,0,0,0,4,3,0,0,0,0,0,0,0,0,0,0,0,0,0,0,0,0,1
0x6b1a8f210ec6b7b6643cea3583fb0c079f367898,131,0,1507,4,0,0,0,0,0,0,0,0,0,0,0,0,0,0,0,0,0,0
0xb4272071ecadd69d933adcd19ca99fe80664fc08,384,306,4886,2,5,1,0,0,2,3,0,0,0,0,1,0,0,0,0,0,0,1
0xf8b358b3397a8ea5464f8cc753645d42e14b79ea,172,0,847,4,0,0,0,0,0,1,0,0,0,0,0,0,0,0,0,0,0,0
0x3a3a65aab0dd2a17e3f1947ba16138cd37d08c04,2120,6428,38345,2,2,1,0,0,1,0,0,0,0,0,0,0,0,0,0,0,0,0
0xb8c77482e45f1f44de1745f52c74426c631bdd52,111,0,2346,1,0,1,0,0,1,0,0,0,0,0,0,0,0,0,0,0,0,0
0x768be5c3ec558c16b10bd35d4b3e3800b7032ea2,117,0,562,3,0,0,0,0,0,0,0,0,0,0,0,0,0,0,0,0,0,0
0xe50365f5d679cb98a1dd62d6f6e58e59321bcddf,354,174,3527,2,12,1,0,0,4,0,0,0,0,0,0,0,0,0,0,0,0,0
0x697beac28b09e122c4332d163985e8a73121b97f,128,0,1312,4,2,0,0,0,0,18,0,0,0,0,0,0,0,0,0,0,0,0
0xa0b73e1ff0b80914ab6fe0444e65848c4c34450b,322,47,1411,2,2,1,0,0,2,1,0,0,0,0,0,0,0,0,0,0,0,1
0x9992ec3cf6a55b00978cddf2b27bc6882d88d1ec,93,0,709,4,0,0,0,0,0,1,0,0,0,0,0,0,0,0,0,0,0,0
0x72dd4b6bd852a3aa172be4d6c5a6dbec588cf131,197,35,759,2,2,1,0,0,5,0,0,0,2,0,1,0,0,0,0,0,0,0
0xc532e93d1fe95d573d4a0a6d451183b828ab2176,120,0,1144,4,2,0,0,0,0,0,0,0,0,0,0,0,0,0,0,0,0,1
0x514910771af9ca656af840dff83e8264ecf986ca,158,27,682,1,4,1,0,0,2,3,0,0,0,0,0,0,0,0,0,0,0,0
0x4bbbc57af270138ef2ff2c50dbfad684e9e0e604,121,69,876,3,9,1,0,0,3,1,0,0,0,0,0,0,0,0,0,0,0,1
0xe41d2489571d322189246dafa5ebde1f4699f498,75,0,369,5,0,0,0,0,0,10,0,0,0,0,0,0,0,0,0,0,0,0
0x8e6cd950ad6ba651f6dd608dc70e5886b1aa6b24,121,0,1495,4,0,0,0,0,0,0,0,0,0,0,0,0,0,0,0,0,0,0
0xddf7fd345d54ff4b40079579d4c4670415dbfd0a,393,0,3461,4,0,0,0,0,0,0,0,0,0,0,0,0,0,0,0,0,0,0
0x4463e6a3ded0dbe3f6e15bc8420dfc55e5fea830,407,251,9028,2,0,1,0,0,1,0,0,0,0,0,0,0,0,0,0,0,0,0
0x7dee45dff03ec7137979586ca20a2f4917bac9fa,298,78,2367,2,0,1,0,0,3,0,0,0,0,0,2,0,0,0,0,0,0,0
0x2f109021afe75b949429fe30523ee7c0d5b27207,230,0,2884,1,0,0,0,0,0,0,0,0,0,0,0,0,0,0,0,0,0,0
0xe32372ad29a7e228abdfdf55a7c2f8e5c244cbfd,107,0,672,2,2,1,0,0,4,0,0,0,0,0,0,0,0,0,0,0,0,0
0xc86d054809623432210c107af2e3f619dcfbf652,169,0,620,4,0,0,0,0,0,1,0,0,0,0,0,0,0,0,0,0,0,0
0xff19138b039d938db46bdda0067dc4ba132ec71c,438,150,6861,3,26,1,0,0,0,36,0,0,0,0,5,0,0,0,0,0,0,0
0x0f8c45b896784a1e408526b9300519ef8660209c,178,0,672,4,0,0,0,0,0,0,0,0,0,0,0,0,0,0,0,0,0,0
0x7bef710a5759d197ec0bf621c3df802c2d60d848,114,0,1430,4,6,0,0,0,0,0,0,0,0,0,0,0,0,0,0,0,0,0
0x2d0e95bd4795d7ace0da3c0ff7b706a5970eb9d3,53,0,127,5,0,0,0,0,0,0,0,0,0,0,0,0,0,0,0,0,0,0
0x73ab89a66c82db6859c7f182b6e5d9dfe222912c,169,52,462,3,0,1,0,0,1,0,0,0,0,0,0,0,0,0,0,0,0,1
0xd07d9fe2d2cc067015e2b4917d24933804f42cfa,307,73,949,2,3,1,0,0,5,0,0,0,2,0,0,0,0,0,0,0,0,1
0x0f7f961648ae6db43c75663ac7e5414eb79b5704,276,33,1909,4,0,0,0,0,0,1,0,0,0,0,0,0,0,0,0,0,0,0
0x196f4727526ea7fb1e17b2071b3d8eaa38486988,370,690,7073,1,1,1,0,0,9,0,0,1,0,0,0,0,2,0,0,0,0,0
0x1735db6ab5baa19ea55d0adceed7bcdc008b3136,542,327,21568,4,0,0,0,0,0,0,0,0,0,0,0,0,0,0,12,0,0,0
0x86fa049857e0209aa7d9e616f7eb3b3b78ecfdb0,268,42,4036,3,10,1,0,0,3,26,0,0,0,0,0,0,0,0,0,0,0,0
0x10be9a8dae441d276a5027936c3aaded2d82bc15,201,0,2246,4,3,0,0,0,0,0,0,0,0,0,0,0,0,0,0,0,0,0
0xf5cfbc74057c610c8ef151a439252680ac68c6dc,178,0,2242,4,0,0,0,0,0,0,0,0,0,0,0,0,0,0,0,0,0,0
