Contract Rank,Contract Address,Skeleton Address,Contract Name
1,0xdac17f958d2ee523a2206206994597c13d831ec7,0xdac17f958d2ee523a2206206994597c13d831ec7,TetherToken
2,0xb8c77482e45f1f44de1745f52c74426c631bdd52,0xb8c77482e45f1f44de1745f52c74426c631bdd52,BNB
3,0xa0b86991c6218b36c1d19d4a2e9eb0ce3606eb48,0xa0b86991c6218b36c1d19d4a2e9eb0ce3606eb48,FiatTokenProxy
4,0xae7ab96520de3a18e5e111b5eaab095312d7fe84,0x73ab89a66c82db6859c7f182b6e5d9dfe222912c,AppProxyUpgradeable
6,0x7d1afa7b718fb893db30a3abc0cfc608aacfebb0,0xe85f3b0773d614755f7668fe43b5339876d91171,MaticToken
7,0x3883f5e181fccaf8410fa61e12b59bad963fb645,0x3883f5e181fccaf8410fa61e12b59bad963fb645,ThetaToken
8,0x2260fac5e5542a773aa44fbcfedf7c193bc2c599,0x2260fac5e5542a773aa44fbcfedf7c193bc2c599,WBTC
9,0x95ad61b0a150d79219dcf64e1e6cc01f0b64c4ce,0xbe78b84af3ef9e9759ff5c8e0d552063bf99db57,TokenMintERC20Token
10,0x6b175474e89094c44da98b954eedeac495271d0f,0x6b175474e89094c44da98b954eedeac495271d0f,Dai
11,0x4fabb145d64652a948d72533023f6e7a623c7c53,0x8e870d67f660d95d5be530380d0ec0bd388289e1,AdminUpgradeabilityProxy
12,0x1f9840a85d5af5bf1d1762f925bdaddc4201f984,0x1f9840a85d5af5bf1d1762f925bdaddc4201f984,Uni
13,0x2af5d2ad76741191d15dfe7bf6ac92d4bd912ca3,0x2af5d2ad76741191d15dfe7bf6ac92d4bd912ca3,LEO
14,0x514910771af9ca656af840dff83e8264ecf986ca,0x514910771af9ca656af840dff83e8264ecf986ca,LinkToken
15,0x0000000000085d4780b73119b644ae5ecd22b376,0x0000000000075efbee23fe2de1bd0b7690883cc9,OwnedUpgradeabilityProxy
16,0x75231f58b43240c9718dd58b4967c5114342a86c,0x75231f58b43240c9718dd58b4967c5114342a86c,OwnedUpgradeabilityProxy
17,0x582d872a1b094fc48f5de31d3b73f2d9be47def1,0x17d6e670ee8ef8464cafc098bf20668987012330,Bridge
18,0x5a98fcbea516cf06857215779fd812ca3bef1b32,0xd017d2403d779a31e1fa2261e0d3997bcacad851,
19,0x4a220e6096b25eadb88358cb44068a3248254675,0x4a220e6096b25eadb88358cb44068a3248254675,StandardToken
20,0xa0b73e1ff0b80914ab6fe0444e65848c4c34450b,0xa0b73e1ff0b80914ab6fe0444e65848c4c34450b,CroToken
22,0x85f17cf997934a597031b2e18a9ab6ebd4b9f6a4,0x85f17cf997934a597031b2e18a9ab6ebd4b9f6a4,eNear
23,0x2b591e99afe9f32eaa6214f7b7629768c40eeb39,0x2b591e99afe9f32eaa6214f7b7629768c40eeb39,HEX
24,0xd850942ef8811f2a866692a623011bde52a462c1,0xd850942ef8811f2a866692a623011bde52a462c1,VEN
25,0xc944e90c64b2c07662a292be6244bdf05cda44a7,0xc944e90c64b2c07662a292be6244bdf05cda44a7,GraphToken
26,0x853d955acef822db058eb8505911ed77f175b99e,0x853d955acef822db058eb8505911ed77f175b99e,FRAXStablecoin
27,0x8e870d67f660d95d5be530380d0ec0bd388289e1,0x8e870d67f660d95d5be530380d0ec0bd388289e1,AdminUpgradeabilityProxy
28,0xba3d9687cf50fe253cd2e1cfeede1d6787344ed5,0x3a3a65aab0dd2a17e3f1947ba16138cd37d08c04,
29,0x4da27a545c0c5b758a6ba100e3a049001de870f5,0x253f7b06c1d60c1fbbc9d82c301327eb86e3ba81,InitializableAdminUpgradeabilityProxy
30,0xae78736cd615f374d3085123a210448e74fc6393,0xae78736cd615f374d3085123a210448e74fc6393,RocketTokenRETH
31,0x4e15361fd6b4bb609fa63c81a2be19d873717870,0x80d6c1d4515e0fa811bccc3ab225c89e5348c582,FantomToken
33,0x3845badade8e6dff049820680d1f14bd3903a5d0,0x3845badade8e6dff049820680d1f14bd3903a5d0,Sand
34,0xf57e7e7c23978c3caec3c3548e3d615c346e79ff,0xd70e3648c29820c7e6f6f85da9ea9b71173d2907,IMXToken
35,0x6de037ef9ad2725eb40118bb1702ebb27e4aeb24,0x00fdae9174357424a78afaad98da36fd66dd9e03,AdminUpgradeabilityProxy
36,0xd33526068d116ce69f19a9ee46f0bd304f21a51f,0xd33526068d116ce69f19a9ee46f0bd304f21a51f,RocketTokenRPL
38,0x0f5d2fb29fb7d3cfee444a200298f468908cc942,0x3a61486eb175364242772398ee3753ad549f430b,MANAToken
39,0xfd09cf7cfffa9932e33668311c4777cb9db3c9be,0x73ab89a66c82db6859c7f182b6e5d9dfe222912c,AppProxyUpgradeable
40,0xc011a73ee8576fb46f5e1c5751ca3b9fe0af2a6f,0x174cf8136b3a004ff3f7b09c04c822fc0af896b6,ProxyERC20
41,0xf34960d9d60be18cc1d5afc1a6f012a723a28811,0xf34960d9d60be18cc1d5afc1a6f012a723a28811,KCSToken
42,0x9f8f72aa9304c8b593d555f12ef6589cc3a579a2,0x9f8f72aa9304c8b593d555f12ef6589cc3a579a2,DSToken
44,0xe28b3b32b6c345a34ff64674606124dd5aceca30,0x630af1ac0ad1f807c32c1daa8ce0fcfa8ea9f716,InjectiveToken
45,0x1a4b46696b2bb4794eb3d4c26f1c55f9170fa4c5,0x1a4b46696b2bb4794eb3d4c26f1c55f9170fa4c5,BitDAO
46,0x056fd409e1d7a124bd7017459dfea2f387b6d5cd,0x056fd409e1d7a124bd7017459dfea2f387b6d5cd,ERC20Proxy
47,0x4ddc2d193948926d02f9b1fe9e1daa0718270ed5,0x4ddc2d193948926d02f9b1fe9e1daa0718270ed5,CEther
48,0x45804880de22913dafe09f4980848ece6ecbaf78,0x8e870d67f660d95d5be530380d0ec0bd388289e1,AdminUpgradeabilityProxy
49,0x68749665ff8d2d112fa859aa293f07a622782f38,0xe540204af3a5d77419552b35aead5453a477a7da,
50,0xc669928185dbce49d2230cc9b0979be6dc797957,0x9ac07635ddbde5db18648c360defb00f5f22537e,BTT
51,0x3432b6a60d23ca0dfca7761b7ab56459d9c964d0,0x3432b6a60d23ca0dfca7761b7ab56459d9c964d0,FRAXShares
53,0x6f259637dcd74c767781e37bc6133cd6a68aa161,0x6f259637dcd74c767781e37bc6133cd6a68aa161,HBToken
54,0x3506424f91fd33084466f402d5d97f05f8e3b4af,0x3506424f91fd33084466f402d5d97f05f8e3b4af,chiliZ
55,0x4691937a7508860f876c9c0a2a617e7d9e945d4b,0x1250b6db6eac0d7e67405512d2b18851b2021d84,WootradeNetwork
56,0xb62132e35a6c13ee1ee0f84dc5d40bad8d815206,0xb62132e35a6c13ee1ee0f84dc5d40bad8d815206,NexoToken
57,0xd7c49cee7e9188cca6ad8ff264c1da2e69d4cf3b,0xd7c49cee7e9188cca6ad8ff264c1da2e69d4cf3b,NXMToken
58,0x92d6c1e31e14520e676a687f0a93788b716beff5,0x92d6c1e31e14520e676a687f0a93788b716beff5,DydxToken
60,0x39aa39c021dfbae8fac545936693ac917d5e7563,0xb3319f5d18bc0d84dd1b4825dcde5d5f7266d407,CErc20
61,0x05f4a42e251f2d52b8ed15e9fedaacfcef1fad27,0x05f4a42e251f2d52b8ed15e9fedaacfcef1fad27,ZilliqaToken
62,0x111111111117dc0aa78b770fa6a738034120c302,0x111111111117dc0aa78b770fa6a738034120c302,OneInch
63,0xf629cbd94d3791c9250152bd8dfbdf380e2a3b9c,0xf629cbd94d3791c9250152bd8dfbdf380e2a3b9c,ENJToken
64,0x6810e776880c02933d47db1b9fc05908e5386b96,0x6810e776880c02933d47db1b9fc05908e5386b96,GnosisToken
65,0xbbbbca6a901c926f240b89eacb641d8aec7aeafd,0xf76d4c449498dfd0c3f5a33ded00e796eb77a8d8,LRC_v2
66,0x69af81e73a73b40adf4f3d4223cd9b1ece623074,0x9f0929bb6264639524d16843d70c536eb2dbbe38,MaskToken
67,0x0d8775f648430679a709e98d2b0cb6250d2887ef,0x0d8775f648430679a709e98d2b0cb6250d2887ef,BAToken
68,0x5b7533812759b45c2b44c19e320ba2cd2681b542,0x601d244d9fe9434e03ccf7d9cd8f4d4d4f8790a9,SingularityNetToken
69,0x4e3fbd56cd56c3e72c1403e103b45db9da5b9d2b,0x4e3fbd56cd56c3e72c1403e103b45db9da5b9d2b,ConvexToken
71,0x0316eb71485b0ab14103307bf65a021042c6d380,0x0316eb71485b0ab14103307bf65a021042c6d380,HBTCToken
73,0x11eef04c884e24d9b7b4760e7476d06ddf797f36,0xee0c18c17f8878fd965e8e20861f8ca3369a8029,MXToken
74,0x767fe9edc9e0df98e07454847909b5e959d7ca0e,0x767fe9edc9e0df98e07454847909b5e959d7ca0e,IlluviumERC20
75,0x8fc8f8269ebca376d046ce292dc7eac40c8d358a,0x8fc8f8269ebca376d046ce292dc7eac40c8d358a,DFI
76,0xc00e94cb662c3520282e6f5717214004a7f26888,0xc00e94cb662c3520282e6f5717214004a7f26888,Comp
78,0x3103df8f05c4d8af16fd22ae63e406b97fec6938,0x630af1ac0ad1f807c32c1daa8ce0fcfa8ea9f716,WQtumToken
79,0x6c6ee5e31d828de241282b9606c8e98ea48526e2,0x6c6ee5e31d828de241282b9606c8e98ea48526e2,HoloToken
80,0xb63b606ac810a52cca15e44bb630fd42d8d1d83d,0xb63b606ac810a52cca15e44bb630fd42d8d1d83d,CrowdsaleToken
81,0xe452e6ea2ddeb012e20db73bf5d3863a3ac8d77a,0xeb0f0df01c400fd21fb8533a68423703d22cfcc5,Proxy
82,0x5d3a536e4d6dbd6114cc1ead35777bab948e3643,0x5d3a536e4d6dbd6114cc1ead35777bab948e3643,CErc20Delegator
84,0xaea46a60368a7bd060eec7df8cba43b7ef41ad85,0xaea46a60368a7bd060eec7df8cba43b7ef41ad85,FetchToken
85,0xc18360217d8f7ab5e7c516566761ea12ce7f9d72,0xc18360217d8f7ab5e7c516566761ea12ce7f9d72,ENSToken
86,0xc581b735a1688071a1746c968e0798d642ede491,0x343a1cae36b1ca047b24fc2780869dc2c1b84137,
87,0x0bc529c00c6401aef6d220be8c6ea1667f6ad93e,0x0bc529c00c6401aef6d220be8c6ea1667f6ad93e,YFI
88,0x8ce9137d39326ad0cd6491fb5cc0cba0e089b6a9,0x8ce9137d39326ad0cd6491fb5cc0cba0e089b6a9,SwipeToken
89,0xba100000625a3754423978a60c9317c58a424e3d,0xba100000625a3754423978a60c9317c58a424e3d,BalancerGovernanceToken
90,0x64aa3364f17a4d01c6f1751fd97c2bd3d7e7f1d5,0x64aa3364f17a4d01c6f1751fd97c2bd3d7e7f1d5,OlympusERC20Token
91,0x6fb3e0a217407efff7ca062d46c26e5d60a14d69,0x6fb3e0a217407efff7ca062d46c26e5d60a14d69,IoTeXNetwork
92,0x7dd9c5cba05e151c895fde1cf355c9a1d5da6429,0x9a0b66691d935dee94dd0c5654959492d1cf3ac8,
93,0xf650c3d88d12db855b8bf7d11be6c55a4e07dcc9,0xf650c3d88d12db855b8bf7d11be6c55a4e07dcc9,CErc20Delegator
94,0xe41d2489571d322189246dafa5ebde1f4699f498,0xe41d2489571d322189246dafa5ebde1f4699f498,ZRXToken
95,0x799a4202c12ca952cb311598a024c80ed371a41e,0xe32372ad29a7e228abdfdf55a7c2f8e5c244cbfd,HarmonyOne
96,0xfa1a856cfa3409cfa145fa4e20eb270df3eb21ab,0xee85138a3667f2aa5185609a6e46e175cc02c606,IOSToken
97,0xba11d00c5f74255f56a5e366f4f77f5a186d7f55,0xba11d00c5f74255f56a5e366f4f77f5a186d7f55,BandToken
98,0xa117000000f279d81a1d3cc75430faa017fa5a2e,0xa117000000f279d81a1d3cc75430faa017fa5a2e,ANTv2
99,0x39bb259f66e1c59d5abef88375979b4d20d98022,0x39bb259f66e1c59d5abef88375979b4d20d98022,WaxToken
100,0xfe2e637202056d30016725477c5da089ab0a043a,0xe1406825186d63980fd6e2ec61888f7b91c4bae4,
101,0x967da4048cd07ab37855c090aaf366e4ce1b9f48,0x985dd3d42de1e256d09e1c10f112bccb8015ad41,OceanToken
102,0xc7283b66eb1eb5fb86327f08e1b5816b0720212b,0xc7283b66eb1eb5fb86327f08e1b5816b0720212b,Tribe
103,0x26fb86579e371c7aedc461b2ddef0a8628c93d3b,0x26fb86579e371c7aedc461b2ddef0a8628c93d3b,BoraToken
104,0xdb25f211ab05b1c97d595516f45794528a807ad8,0xdb25f211ab05b1c97d595516f45794528a807ad8,EURSToken
105,0x6b3595068778dd592e39a122f4f5a5cf09c90fe2,0x6b3595068778dd592e39a122f4f5a5cf09c90fe2,SushiToken
106,0x6123b0049f904d730db3c36a31167d9d4121fa6b,0x3d11e0c0de0cf8bfdf85ea05509cfed9f0efe64f,
107,0x9d65ff81a3c488d585bbfb0bfe3c7707c7917f54,0x584d44d3e36f3690a4170dad0238df5441d41f1c,
108,0x00c83aecc790e8a4453e5dd3b0b4b3680501a7a7,0x00c83aecc790e8a4453e5dd3b0b4b3680501a7a7,SkaleToken
109,0x0f2d719407fdbeff09d87557abb7232601fd9f29,0xc612d620bd2be9d7825542c2423d319be5009b3f,
110,0x0f51bb10119727a7e5ea3538074fb341f56b09ad,0x0f51bb10119727a7e5ea3538074fb341f56b09ad,Token
111,0xbf2179859fc6d5bee9bf9158632dc51678a4100e,0xbf2179859fc6d5bee9bf9158632dc51678a4100e,AElfToken
112,0xba9d4199fab4f26efe3551d490e3821486f135ba,0x38968746147bbaeb882f356ad9a57594bb158235,SwissBorgToken
113,0x0649cef6d11ed6f88535462e147304d3fe5ae14d,0x0649cef6d11ed6f88535462e147304d3fe5ae14d,Token
114,0x58b6a8a3302369daec383334672404ee733ab239,0xecb81b96e169882b8d6276b87a19cb47efbd1c4a,LivepeerToken
116,0x177d39ac676ed1c67a2b268ad7f1e58826e5b0af,0x177d39ac676ed1c67a2b268ad7f1e58826e5b0af,CDTToken
118,0xff20817765cb7f73d4bde2e66e067e58d11095c2,0xff20817765cb7f73d4bde2e66e067e58d11095c2,Amp
119,0x320623b8e4ff03373931769a31fc52a4e78b5d70,0x320623b8e4ff03373931769a31fc52a4e78b5d70,RSR
120,0x04fa0d235c4abf4bcf4787af4cf447de572ef828,0xca13c064b7a5f3a8c763312a883499a10b2614cc,VotingToken
121,0x9992ec3cf6a55b00978cddf2b27bc6882d88d1ec,0x9992ec3cf6a55b00978cddf2b27bc6882d88d1ec,PolyToken
122,0xed04915c23f00a313a544955524eb7dbd823143d,0xed04915c23f00a313a544955524eb7dbd823143d,ACH
123,0xcb86c6a22cb56b6cf40cafedb06ba0df188a416e,0xbebdb5249c879b4c410857a7021f4f5cf958aa62,TokenERC20
124,0x467bccd9d29f223bce8043b84e8c8b282827790f,0x85e076361cc813a908ff672f9bad1541474402b2,
125,0xdefa4e8a7bcba345f687a2f1456f5edd9ce97202,0xe9451142a3b561f327b8d93e6d4e213e098e9ea3,
126,0x607f4c5bb672230e8672085532f7e901544a7375,0x7ebb6079e6d6c7cf8f58cdbd233ac3edaf1d9a60,RLC
127,0x761d38e5ddf6ccf6cf7c55759d5210750b5d60f3,0x97a42154b194d1b6d4d5046f744e627ad6d7af4d,Dogelon
128,0xaa7a9ca87d3694b5755f213b5d04094b8d0f0a6f,0xaa7a9ca87d3694b5755f213b5d04094b8d0f0a6f,TracToken
129,0x081f67afa0ccf8c7b17540767bbe95df2ba8d97f,0x081f67afa0ccf8c7b17540767bbe95df2ba8d97f,
131,0x4f9254c83eb525f9fcf346490bbb3ed28a81c667,0x4f9254c83eb525f9fcf346490bbb3ed28a81c667,CelerToken
132,0x8c15ef5b4b21951d50e53e4fbda8298ffad25057,0x8c15ef5b4b21951d50e53e4fbda8298ffad25057,FunctionXToken
133,0x0fd10b9899882a6f2fcb5c371e17e70fdee00c38,0x253f7b06c1d60c1fbbc9d82c301327eb86e3ba81,PUNDIXTokenProxy
134,0xa1faa113cbe53436df28ff0aee54275c13b40975,0xa1faa113cbe53436df28ff0aee54275c13b40975,AlphaToken
135,0xd26114cd6ee289accf82350c8d8487fedb8a0c07,0xd26114cd6ee289accf82350c8d8487fedb8a0c07,OMGToken
137,0x2a3bff78b79a009976eea096a51a948a3dc00e34,0xe9451142a3b561f327b8d93e6d4e213e098e9ea3,AdminUpgradeabilityProxy
138,0x0b38210ea11411557c13457d4da7dc6ea731b88a,0x0b38210ea11411557c13457d4da7dc6ea731b88a,Api3Token
139,0x744d70fdbe2ba4cf95131626614a1763df805b9e,0x744d70fdbe2ba4cf95131626614a1763df805b9e,SNT
141,0x9e32b13ce7f2e80a01932b42553652e053d6ed8e,0x9e32b13ce7f2e80a01932b42553652e053d6ed8e,MToken
142,0x6dea81c8171d0ba574754ef6f8b412f2ed88c54d,0x6dea81c8171d0ba574754ef6f8b412f2ed88c54d,LQTYToken
143,0x3a4f40631a4f906c2bad353ed06de7a5d3fcb430,0x3a4f40631a4f906c2bad353ed06de7a5d3fcb430,PlayDapp
144,0x429d83bb0dcb8cdd5311e34680adc8b12070a07f,0x08130635368aa28b217a4dfb68e1bf8dc525621c,
145,0x430ef9263e76dae63c84292c3409d61c598e9682,0x430ef9263e76dae63c84292c3409d61c598e9682,PYRToken
146,0xe95a203b1a91a908f9b9ce46459d101078c2c3cb,0xe1406825186d63980fd6e2ec61888f7b91c4bae4,
147,0xf433089366899d83a9f26a773d59ec7ecf30355e,0xf433089366899d83a9f26a773d59ec7ecf30355e,MetalToken
148,0x99d8a9c45b2eca8864373a26d1459e3dff1e17f3,0x99d8a9c45b2eca8864373a26d1459e3dff1e17f3,MagicInternetMoneyV1
149,0x5dc60c4d5e75d22588fa17ffeb90a63e535efce0,0x5dc60c4d5e75d22588fa17ffeb90a63e535efce0,DkargoToken
150,0x3e9bc21c9b189c09df3ef1b824798658d5011937,0x3e9bc21c9b189c09df3ef1b824798658d5011937,LnProxyERC20
151,0xae12c5930881c53715b369cec7606b70d8eb229f,0xae12c5930881c53715b369cec7606b70d8eb229f,Coin98
152,0x1776e1f26f98b1a5df9cd347953a26dd3cb46671,0x1776e1f26f98b1a5df9cd347953a26dd3cb46671,NumeraireBackend
153,0x178c820f862b14f316509ec36b13123da19a6054,0xe9bb0e514ddff1a8ce5a96f3b37b5c8c1606feda,ERC677BridgeToken
154,0x949d48eca67b17269629c7194f4b727d4ef9e5d6,0x949d48eca67b17269629c7194f4b727d4ef9e5d6,MeritToken
155,0xde4ee8057785a7e8e800db58f9784845a5c2cbd6,0xde4ee8057785a7e8e800db58f9784845a5c2cbd6,Dexe
156,0xeef9f339514298c6a857efcfc1a762af84438dee,0xeef9f339514298c6a857efcfc1a762af84438dee,HEZ
157,0xac51066d7bec65dc4589368da368b212745d63e8,0x7968bc6a03017ea2de509aaa816f163db0f35148,AliceToken
158,0x8a2279d4a90b6fe1c4b30fa660cc9f926797baa2,0x8a2279d4a90b6fe1c4b30fa660cc9f926797baa2,Chromia
159,0xfc82bb4ba86045af6f327323a46e80412b91b27d,0xb5f406dd1dec522542c8504c4c31b7940f5d895c,PROMToken
160,0x3597bfd533a99c9aa083587b074434e61eb0a258,0xd4fa1460f537bb9085d22c7bccb5dd450ef28e3a,BurnableCrowdsaleToken
161,0xde7d85157d9714eadf595045cc12ca4a5f3e2adb,0x9f7744961f795fab5e1f4a36779197dac020c2ec,STPTToken
162,0x6b0b3a982b4634ac68dd83a4dbf02311ce324181,0x6b0b3a982b4634ac68dd83a4dbf02311ce324181,AliERC20v2
163,0xff56cc6b1e6ded347aa0b7676c85ab0b3d08b0fa,0xff56cc6b1e6ded347aa0b7676c85ab0b3d08b0fa,OrbsToken
164,0xd417144312dbf50465b1c641d016962017ef6240,0xd417144312dbf50465b1c641d016962017ef6240,CovalentQueryToken
165,0xcc8fa225d80b9c7d42f96e9570156c65d6caaa25,0xcc8fa225d80b9c7d42f96e9570156c65d6caaa25,SmoothLovePotion
166,0x579cea1889991f68acc35ff5c3dd0621ff29b0c9,0x579cea1889991f68acc35ff5c3dd0621ff29b0c9,IQERC20
167,0xba50933c268f567bdc86e1ac131be072c6b0b71a,0xba50933c268f567bdc86e1ac131be072c6b0b71a,ARPAToken
168,0xde30da39c46104798bb5aa3fe8b9e0e1f348163f,0xde30da39c46104798bb5aa3fe8b9e0e1f348163f,GTC
169,0x808507121b80c02388fad14726482e061b8da827,0x808507121b80c02388fad14726482e061b8da827,PENDLE
170,0xa849eaae994fb86afa73382e9bd88c2b6b18dc71,0xa849eaae994fb86afa73382e9bd88c2b6b18dc71,MVLToken
171,0x0d438f3b5175bebc262bf23753c1e53d03432bde,0x0d438f3b5175bebc262bf23753c1e53d03432bde,wNXM
172,0x04abeda201850ac0124161f037efd70c74ddc74c,0x04abeda201850ac0124161f037efd70c74ddc74c,IBNEST
173,0xd98f75b1a3261dab9eed4956c93f33749027a964,0xd98f75b1a3261dab9eed4956c93f33749027a964,ShareTokenExtended
175,0x7a58c0be72be218b41c608b7fe7c5bb630736c71,0x3abf2a4f8452ccc2cf7b4c1e4663147600646f66,Tickets
176,0xf6650117017ffd48b725b4ec5a00b414097108a7,0xe18d3f87234b654a09c8e2fc4fc521ff673fa64d,XIDO
177,0x70e8de73ce538da2beed35d14187f6959a8eca96,0x8e870d67f660d95d5be530380d0ec0bd388289e1,FiatTokenProxy
178,0x5cf04716ba20127f1e2297addcf4b5035000c9eb,0xd4546436cfdf0c5e10805b921f6795e97f5dbe76,NKNToken
179,0x57b946008913b82e4df85f501cbaed910e58d26c,0xde045ef9159d91cf93cc89f4f2173632b1a8d6b8,
180,0x85eee30c52b0b379b046fb0f85f4f3dc3009afec,0x85eee30c52b0b379b046fb0f85f4f3dc3009afec,KeepToken
181,0x595832f8fc6bf59c85c527fec3740a1b7a361269,0x595832f8fc6bf59c85c527fec3740a1b7a361269,PowerLedger
182,0xfe3e6a25e6b192a42a44ecddcd13796471735acf,0xfe3e6a25e6b192a42a44ecddcd13796471735acf,ReefToken
183,0x8f8221afbb33998d8584a2b05749ba73c37a938a,0x8f8221afbb33998d8584a2b05749ba73c37a938a,RequestToken
184,0xddb3422497e61e13543bea06989c0789117555c5,0xddb3422497e61e13543bea06989c0789117555c5,Coti
185,0x9aab071b4129b083b01cb5a0cb513ce7eca26fa5,0x9aab071b4129b083b01cb5a0cb513ce7eca26fa5,HuntToken
186,0x15b7c0c907e4c6b9adaaaabc300c08991d6cea05,0x15b7c0c907e4c6b9adaaaabc300c08991d6cea05,Gel
187,0x0c7d5ae016f806603cb1782bea29ac69471cab9c,0x0c7d5ae016f806603cb1782bea29ac69471cab9c,ERC20
188,0x6c5ba91642f10282b576d91922ae6448c9d52f4e,0x6c5ba91642f10282b576d91922ae6448c9d52f4e,PHAToken
189,0xea26c4ac16d4a5a106820bc8aee85fd0b7b2b664,0xea26c4ac16d4a5a106820bc8aee85fd0b7b2b664,QuarkChainToken
190,0x1f573d6fb3f13d689ff844b4ce37794d79a7ff1c,0x970d48531bd6da34dfa5f867c3bc0afe17c0c4dd,SmartToken
191,0xbe1a001fe942f96eea22ba08783140b9dcc09d28,0xbe1a001fe942f96eea22ba08783140b9dcc09d28,BetaToken
192,0x81f8f0bb1cb2a06649e51913a151f0e7ef6fa321,0x81f8f0bb1cb2a06649e51913a151f0e7ef6fa321,VITA
193,0x6468e79a80c0eab0f9a2b574c8d5bc374af59414,0x6468e79a80c0eab0f9a2b574c8d5bc374af59414,eXRD
194,0x940a2db1b7008b6c776d4faaca729d6d4a4aa551,0x940a2db1b7008b6c776d4faaca729d6d4a4aa551,DuskToken
195,0x090185f2135308bad17527004364ebcc2d37e5f6,0x090185f2135308bad17527004364ebcc2d37e5f6,Spell
196,0x4e352cf164e64adcbad318c3a1e222e9eba4ce42,0x08130635368aa28b217a4dfb68e1bf8dc525621c,
197,0xf411903cbc70a74d22900a5de66a2dda66507255,0xf411903cbc70a74d22900a5de66a2dda66507255,VraToken
198,0xfb7b4564402e5500db5bb6d63ae671302777c75a,0xfb7b4564402e5500db5bb6d63ae671302777c75a,Dextools
199,0x221657776846890989a759ba2973e427dff5c9bb,0x221657776846890989a759ba2973e427dff5c9bb,ReputationToken
200,0xa3ee21c306a700e682abcdfe9baa6a08f3820419,0xa3ee21c306a700e682abcdfe9baa6a08f3820419,GluwaCreditcoinVestingToken
201,0xa3ee21c306a700e682abcdfe9baa6a08f3820419,0xa3ee21c306a700e682abcdfe9baa6a08f3820419,GluwaCreditcoinVestingToken
202,0xaaaebe6fe48e54f431b0c390cfaf0b017d09d42d,0xaaaebe6fe48e54f431b0c390cfaf0b017d09d42d,CelsiusToken
203,0xd13c7342e1ef687c5ad21b27c2b65d772cab5c8c,0xd13c7342e1ef687c5ad21b27c2b65d772cab5c8c,UltraToken
204,0x037a54aab062628c9bbae1fdb1583c195585fe41,0x037a54aab062628c9bbae1fdb1583c195585fe41,lcxToken
206,0x4bd70556ae3f8a6ec6c4080a0c327b24325438f3,0x4bd70556ae3f8a6ec6c4080a0c327b24325438f3,HxroTokenContract
208,0xb056c38f6b7dc4064367403e26424cd2c60655e1,0xd5587c535ca63d8622abc2ea9693349c19440b9d,
209,0x99fe3b1391503a1bc1788051347a1324bff41452,0x99fe3b1391503a1bc1788051347a1324bff41452,SportX
211,0x4c19596f5aaff459fa38b0f7ed92f11ae6543784,0x4c19596f5aaff459fa38b0f7ed92f11ae6543784,TimeOwnedUpgradeabilityProxy
212,0x42bbfa2e77757c645eeaad1655e0911a7553efbc,0x42bbfa2e77757c645eeaad1655e0911a7553efbc,BOBA
213,0x55296f69f40ea6d20e478533c15a6b08b654e758,0x149a23f3d1a1e61e1e3b7eddd27f32e01f9788c7,TokenERC20
214,0x57ab1ec28d129707052df4df418d58a2d46d5f51,0x174cf8136b3a004ff3f7b09c04c822fc0af896b6,ProxyERC20
215,0xcdcfc0f66c522fd086a1b725ea3c0eeb9f9e8814,0xcdcfc0f66c522fd086a1b725ea3c0eeb9f9e8814,AURA
216,0xb705268213d593b8fd88d3fdeff93aff5cbdcfae,0xb705268213d593b8fd88d3fdeff93aff5cbdcfae,IDEX
217,0x476c5e26a75bd202a9683ffd34359c0cc15be0ff,0x073af3f70516380654ba7c5812c4ab0255f081bc,GenericToken
218,0xba5bde662c17e2adff1075610382b9b691296350,0xe540204af3a5d77419552b35aead5453a477a7da,
219,0x7ddc52c4de30e94be3a6a0a2b259b2850f421989,0x7ddc52c4de30e94be3a6a0a2b259b2850f421989,GoMiningToken
220,0x91af0fbb28aba7e31403cb457106ce79397fd4e6,0x91af0fbb28aba7e31403cb457106ce79397fd4e6,AergoErc20
222,0x419d0d8bdd9af5e606ae2232ed285aff190e711b,0xe2ace83f9acfc236bd95481045990bfa6b711e16,
225,0xcb97e65f07da24d46bcdd078ebebd7c6e6e3d750,0x5044e2e924a139fd7da98dc29bbc070218197986,HumanStandardToken
226,0x43dfc4159d86f3a37a5a4b3d4580b888ad7d4ddd,0xa0391739c2151cee1455615243a4bd13242925b5,DODOToken
227,0x888888848b652b3e3a0f34c96e00eec0f3a23f72,0x888888848b652b3e3a0f34c96e00eec0f3a23f72,TeleportToken
230,0xad3e3fc59dff318beceaab7d00eb4f68b1ecf195,0xeb0f0df01c400fd21fb8533a68423703d22cfcc5,
232,0xd3e4ba569045546d09cf021ecc5dfe42b1d7f6e4,0xd3e4ba569045546d09cf021ecc5dfe42b1d7f6e4,MNW
233,0x580c8520deda0a441522aeae0f9f7a5f29629afa,0x580c8520deda0a441522aeae0f9f7a5f29629afa,DawnTokenProxy
234,0x8a7adc1b690e81c758f1bd0f72dfe27ae6ec56a5,0x8a7adc1b690e81c758f1bd0f72dfe27ae6ec56a5,Bolide
235,0xff742d05420b6aca4481f635ad8341f81a6300c2,0xff742d05420b6aca4481f635ad8341f81a6300c2,AscendEXToken
236,0xcca0c9c383076649604ee31b20248bc04fdf61ca,0xcca0c9c383076649604ee31b20248bc04fdf61ca,BitMaxToken
237,0x8207c1ffc5b6804f6024322ccf34f29c3541ae26,0x8207c1ffc5b6804f6024322ccf34f29c3541ae26,OriginToken
238,0x505b5eda5e25a67e1c24a2bf1a527ed9eb88bf04,0xf0a523b9ff458de2041efc125765568aa6710f51,CoinwebToken
240,0xa2120b9e674d3fc3875f415a7df52e382f141225,0xa2120b9e674d3fc3875f415a7df52e382f141225,ATAToken
241,0x8806926ab68eb5a7b909dcaf6fdbe5d93271d6e2,0x8806926ab68eb5a7b909dcaf6fdbe5d93271d6e2,UquidCoin
242,0xf1f955016ecbcd7321c7266bccfb96c68ea5e49b,0xf1f955016ecbcd7321c7266bccfb96c68ea5e49b,RallyToken
243,0xb64ef51c888972c908cfacf59b47c1afbc0ab8ac,0xb64ef51c888972c908cfacf59b47c1afbc0ab8ac,CentrallyIssuedToken
244,0x12bb890508c125661e03b09ec06e404bc9289040,0x12bb890508c125661e03b09ec06e404bc9289040,RACAV2Token
246,0x6399c842dd2be3de30bf99bc7d1bbf6fa3650e70,0x6399c842dd2be3de30bf99bc7d1bbf6fa3650e70,PremiaErc20
247,0x7d5121505149065b562c789a0145ed750e6e8cdd,0x7d5121505149065b562c789a0145ed750e6e8cdd,VictoriaVR
248,0x4cc19356f2d37338b9802aa8e8fc58b0373296e7,0x4cc19356f2d37338b9802aa8e8fc58b0373296e7,SelfKeyToken
249,0x53c8395465a84955c95159814461466053dedede,0x53c8395465a84955c95159814461466053dedede,DGToken
250,0x993864e43caa7f7f12953ad6feb1d1ca635b875f,0x993864e43caa7f7f12953ad6feb1d1ca635b875f,SingDao
251,0x4123a133ae3c521fd134d7b13a2dec35b56c2463,0x4123a133ae3c521fd134d7b13a2dec35b56c2463,QredoToken
252,0xfd957f21bd95e723645c07c48a2d8acb8ffb3794,0xaf4995f46264782cd2116d83a281b66292412304,MintableToken
254,0xccc8cb5229b0ac8069c51fd58367fd1e622afd97,0xbcd8618714d6299ee19afeeaa5344ad08a3cef95,GODS
255,0x5e74c9036fb86bd7ecdcb084a0673efc32ea31cb,0x174cf8136b3a004ff3f7b09c04c822fc0af896b6,
256,0xf4d2888d29d722226fafa5d9b24f9164c092421e,0xf4d2888d29d722226fafa5d9b24f9164c092421e,LooksRareToken
258,0x8c543aed163909142695f2d2acd0d55791a9edb9,0x8c543aed163909142695f2d2acd0d55791a9edb9,ERC677BridgeToken
259,0x956f47f50a910163d8bf957cf5846d573e7f87ca,0x956f47f50a910163d8bf957cf5846d573e7f87ca,Fei
260,0x656c00e1bcd96f256f224ad9112ff426ef053733,0xe9451142a3b561f327b8d93e6d4e213e098e9ea3,
261,0x8f3470a7388c05ee4e7af3d01d8c722b0ff52374,0x8f3470a7388c05ee4e7af3d01d8c722b0ff52374,VeritaseumToken
262,0x32353a6c91143bfd6c7d363b546e62a9a2489a20,0x32353a6c91143bfd6c7d363b546e62a9a2489a20,AdventureGold
263,0xe1bad922f84b198a08292fb600319300ae32471b,0x2abd74b67ebb1cb9dbe6ec222e92dad2f7fee194,FCTV
264,0x4161725d019690a3e0de50f6be67b07a86a9fae1,0xef19718e87bb889751b3019dfa85baa70e02cde9,TPToken
265,0x16eccfdbb4ee1a85a33f3a9b21175cd7ae753db4,0x16eccfdbb4ee1a85a33f3a9b21175cd7ae753db4,Route
270,0x5ca381bbfb58f0092df149bd3d243b08b9a8386e,0x5ca381bbfb58f0092df149bd3d243b08b9a8386e,MXCToken
271,0xd8912c10681d8b21fd3742244f44658dba12264e,0xd8912c10681d8b21fd3742244f44658dba12264e,Pluton
272,0xeec2be5c91ae7f8a338e1e5f3b5de49d07afdc81,0xeec2be5c91ae7f8a338e1e5f3b5de49d07afdc81,DpxToken
273,0xea11755ae41d889ceec39a63e6ff75a02bc1c00d,0xea11755ae41d889ceec39a63e6ff75a02bc1c00d,CortexCoin
274,0xe1a178b681bd05964d3e3ed33ae731577d9d96dd,0xe1a178b681bd05964d3e3ed33ae731577d9d96dd,BOX
276,0x0391d2021f89dc339f60fff84546ea23e337750f,0x0391d2021f89dc339f60fff84546ea23e337750f,BarnBridgeToken
277,0x4575f41308ec1483f3d399aa9a2826d74da13deb,0x9ce9ceec70a3e36238ce299cfa3eb2e00f66db0a,OrchidToken
278,0xcfcecfe2bd2fed07a9145222e8a7ad9cf1ccd22a,0xcfcecfe2bd2fed07a9145222e8a7ad9cf1ccd22a,WrappedADS
279,0xd084b83c305dafd76ae3e1b4e1f1fe2ecccb3988,0xd084b83c305dafd76ae3e1b4e1f1fe2ecccb3988,KolectToken
280,0x115ec79f1de567ec68b7ae7eda501b406626478e,0x115ec79f1de567ec68b7ae7eda501b406626478e,CarryToken
281,0xe76c6c83af64e4c60245d8c7de953df673a7a33d,0xe76c6c83af64e4c60245d8c7de953df673a7a33d,RailToken
284,0x41545f8b9472d758bb669ed8eaeeecd7a9c4ec29,0xe81a45439ff9bc5841202ce4b2049e578f8771d9,
285,0xdbdb4d16eda451d0503b854cf79d55697f90c8df,0xdbdb4d16eda451d0503b854cf79d55697f90c8df,AlchemixToken
286,0x6c8c6b02e7b2be14d4fa6022dfd6d75921d90e4e,0xb3319f5d18bc0d84dd1b4825dcde5d5f7266d407,CErc20
287,0x865ec58b06bf6305b886793aa20a2da31d034e68,0x865ec58b06bf6305b886793aa20a2da31d034e68,MossCoin
288,0x89d24a6b4ccb1b6faa2625fe562bdd9a23260359,0x9f8f72aa9304c8b593d555f12ef6589cc3a579a2,DSToken
289,0xbbc2ae13b23d715c30720f079fcd9b4a74093505,0xbbc2ae13b23d715c30720f079fcd9b4a74093505,ERNToken
290,0xb59490ab09a0f526cc7305822ac65f2ab12f9723,0x630af1ac0ad1f807c32c1daa8ce0fcfa8ea9f716,LITToken
291,0x1ceb5cb57c4d4e2b2433641b95dd330a33185a44,0x1ceb5cb57c4d4e2b2433641b95dd330a33185a44,Keep3rV1
292,0xe5b826ca2ca02f09c1725e9bd98d9a8874c30532,0xe5b826ca2ca02f09c1725e9bd98d9a8874c30532,ZEON
293,0x88df592f8eb5d7bd38bfef7deb0fbc02cf3778a0,0x88df592f8eb5d7bd38bfef7deb0fbc02cf3778a0,TellorMaster
294,0x0ff5a8451a839f5f0bb3562689d9a44089738d11,0xeec2be5c91ae7f8a338e1e5f3b5de49d07afdc81,RdpxToken
295,0x80fb784b7ed66730e8b1dbd9820afd29931aab03,0x80fb784b7ed66730e8b1dbd9820afd29931aab03,EthLendToken
296,0x84ca8bc7997272c7cfb4d0cd3d55cd942b3c9419,0x84ca8bc7997272c7cfb4d0cd3d55cd942b3c9419,DIAToken
297,0xe80c0cd204d654cebe8dd64a4857cab6be8345a3,0xe80c0cd204d654cebe8dd64a4857cab6be8345a3,JPEG
298,0x814e0908b12a99fecf5bc101bb5d0b8b5cdf7d26,0x814e0908b12a99fecf5bc101bb5d0b8b5cdf7d26,MDToken
299,0xa9b1eb5908cfc3cdf91f9b8b3a74108598009096,0xa9b1eb5908cfc3cdf91f9b8b3a74108598009096,BounceAuctionToken
300,0xb6ee9668771a79be7967ee29a63d4184f8097143,0xb6ee9668771a79be7967ee29a63d4184f8097143,CargoXToken
301,0xec67005c4e498ec7f55e092bd1d35cbc47c91892,0xec67005c4e498ec7f55e092bd1d35cbc47c91892,Melon
302,0x61e90a50137e1f645c9ef4a0d3a4f01477738406,0x61e90a50137e1f645c9ef4a0d3a4f01477738406,LOKA
303,0xd0929d411954c47438dc1d871dd6081f5c5e149c,0x38968746147bbaeb882f356ad9a57594bb158235,Refereum
304,0x9e976f211daea0d652912ab99b0dc21a7fd728e4,0x49229c3902d49be6443e01c0251b02780397ab1a,map
305,0x6f40d4a6237c257fff2db00fa0510deeecd303eb,0x6f40d4a6237c257fff2db00fa0510deeecd303eb,InstaToken
306,0x2a9bdcff37ab68b95a53435adfd8892e86084f93,0x2a9bdcff37ab68b95a53435adfd8892e86084f93,AQT
309,0x37e1160184f7dd29f00b78c050bf13224780b0b0,0x9da069db21d27fd9040328f7bebf1941d8c2d7a0,
310,0x77fba179c79de5b7653f68b5039af940ada60ce0,0x77fba179c79de5b7653f68b5039af940ada60ce0,Forth
311,0x5732046a883704404f284ce41ffadd5b007fd668,0x5732046a883704404f284ce41ffadd5b007fd668,BluzelleToken
312,0x622dffcc4e83c64ba959530a5a5580687a57581b,0x622dffcc4e83c64ba959530a5a5580687a57581b,Token
313,0x589891a198195061cb8ad1a75357a3b7dbadd7bc,0x589891a198195061cb8ad1a75357a3b7dbadd7bc,COSToken
314,0x410e731c2970dce3add351064acf5ce9e33fdbf0,0x410e731c2970dce3add351064acf5ce9e33fdbf0,ONIT
315,0x8798249c2e607446efb7ad49ec89dd1865ff4272,0x8798249c2e607446efb7ad49ec89dd1865ff4272,SushiBar
316,0xa2791bdf2d5055cda4d46ec17f9f429568275047,0x7b6f71c8b123b38aa8099e0098bec7fbc35b8a13,
317,0x48c3399719b582dd63eb5aadf12a40b4c3f52fa2,0xe9451142a3b561f327b8d93e6d4e213e098e9ea3,
318,0x4dc3643dbc642b72c158e7f3d2ff232df61cb6ce,0x807e534b163e28ed1c210ff2392d91d913f8637f,AmberToken
319,0x73968b9a57c6e53d41345fd57a6e6ae27d6cdb2f,0x73968b9a57c6e53d41345fd57a6e6ae27d6cdb2f,SDT
320,0xaaaaaa20d9e0e2461697782ef11675f668207961,0x888e88e71378133b7ada5a90c08bc97d772a0a28,AuroraToken
321,0xcafe001067cdef266afb7eb5a286dcfd277f3de5,0xcafe001067cdef266afb7eb5a286dcfd277f3de5,PSP
322,0x2a8e1e676ec238d8a992307b495b45b3feaa5e86,0x2a8e1e676ec238d8a992307b495b45b3feaa5e86,InitializeGovernedUpgradeabilityProxy
324,0x888666ca69e0f178ded6d75b5726cee99a87d698,0x354b10083a2d6b8bd18ddd390fac7bcdede8a839,IconomiToken
325,0x1a7e4e63778b4f12a199c062f3efdd288afcbce8,0xfe48bfff0eaedcb3724c8c0e8bda26e267f0a651,TransparentUpgradeableProxy
326,0x19062190b1925b5b6689d7073fdfc8c2976ef8cb,0x19062190b1925b5b6689d7073fdfc8c2976ef8cb,Token
327,0x4375e7ad8a01b8ec3ed041399f62d9cd120e0063,0x4375e7ad8a01b8ec3ed041399f62d9cd120e0063,
328,0x80c62fe4487e1351b47ba49809ebd60ed085bf52,0x80c62fe4487e1351b47ba49809ebd60ed085bf52,CloverToken
331,0xaaef88cea01475125522e117bfe45cf32044e238,0x1250baf965e4ae460db5e75f7cb067c57e0b2541,GuildFiToken
332,0x2ef52ed7de8c5ce03a4ef0efbe9b7450f2d7edc9,0x621befef35d39313202128aa72ccb5e0ffdf3af1,ERC20Proxy
333,0x9ab7bb7fdc60f4357ecfef43986818a2a3569c62,0xfba8dc72d0e1f5067d3b52a1f2cbb27cf6aa673c,GuardiansToken
334,0xd9ec3ff1f8be459bb9369b4e79e9ebcf7141c093,0xd9ec3ff1f8be459bb9369b4e79e9ebcf7141c093,KardiachainToken
335,0x986ee2b944c42d017f52af21c4c69b84dbea35d8,0x3fedeb84209ed302c0ce9279e300312349887c33,BMC
336,0x8f693ca8d21b157107184d29d398a8d082b38b76,0x8f693ca8d21b157107184d29d398a8d082b38b76,DATAv2
337,0x8a854288a5976036a725879164ca3e91d30c6a1b,0x8a854288a5976036a725879164ca3e91d30c6a1b,GetToken
338,0xd31695a1d35e489252ce57b129fd4b1b05e6acac,0xd31695a1d35e489252ce57b129fd4b1b05e6acac,Token
339,0xf16e81dce15b08f326220742020379b855b87df9,0xf16e81dce15b08f326220742020379b855b87df9,IceToken
340,0x27054b13b1b798b345b591a4d22e6562d47ea75a,0x27054b13b1b798b345b591a4d22e6562d47ea75a,AirSwapToken
341,0xc08512927d12348f6620a698105e1baac6ecd911,0x99d9b19c9470a6af45124398fa6388cce781ecb7,GYEN
342,0xd7efb00d12c2c13131fd319336fdf952525da2af,0x26fe16e089bef8b0e1776f861436125a1caa6bae,XPRToken
343,0xd0352a019e9ab9d757776f532377aaebd36fd541,0xa576b808167c9e7a4208988258fd8a8efea2fc4f,
344,0x979aca85ba37c675e78322ed5d97fa980b9bdf00,0x979aca85ba37c675e78322ed5d97fa980b9bdf00,Erc20SwapAsset
345,0xb683d83a532e2cb7dfa5275eed3698436371cc9f,0xb683d83a532e2cb7dfa5275eed3698436371cc9f,BTU
346,0xef3a930e1ffffacd2fc13434ac81bd278b0ecc8d,0x9db44c215f14a874c0ca45895f3a97f0839c29d9,FISToken
347,0x431ad2ff6a9c365805ebad47ee021148d6f7dbe0,0xeb269732ab75a6fd61ea60b06fe994cd32a83549,
348,0x21bfbda47a0b4b5b1248c767ee49f7caa9b23697,0x21bfbda47a0b4b5b1248c767ee49f7caa9b23697,RewardToken
352,0x618e75ac90b12c6049ba3b27f5d5f8651b0037f6,0x618e75ac90b12c6049ba3b27f5d5f8651b0037f6,QASHToken
354,0x362bc847a3a9637d3af6624eec853618a43ed7d2,0x362bc847a3a9637d3af6624eec853618a43ed7d2,ParsiqToken
355,0xf5581dfefd8fb0e4aec526be659cfab1f8c781da,0xf5581dfefd8fb0e4aec526be659cfab1f8c781da,HoprToken
356,0xc5bddf9843308380375a611c18b50fb9341f502a,0xc5bddf9843308380375a611c18b50fb9341f502a,veCurveVault
357,0xdddddd4301a082e62e84e43f474f044423921918,0x111111111117dc0aa78b770fa6a738034120c302,DeversiFi
358,0x9389434852b94bbad4c8afed5b7bdbc5ff0c2275,0x99ac77522b6866a3770971bbf7f2c06b8e00fe55,
359,0xc477d038d5420c6a9e0b031712f61c5120090de9,0xc477d038d5420c6a9e0b031712f61c5120090de9,BosonToken
360,0x8b39b70e39aa811b69365398e0aace9bee238aeb,0x77a7527776530bf416b6b59bf357a49f1ce1d3da,PkfToken
361,0xdab396ccf3d84cf2d07c4454e10c8a6f5b008d2b,0xdab396ccf3d84cf2d07c4454e10c8a6f5b008d2b,GFI
362,0xc86d054809623432210c107af2e3f619dcfbf652,0xc86d054809623432210c107af2e3f619dcfbf652,UppsalaToken
363,0xe884cc2795b9c45beeac0607da9539fd571ccf85,0x658992cbd1901a0d41246873e9acf7bb031b8197,Ultiledger
364,0x96e61422b6a9ba0e068b6c5add4ffabc6a4aae27,0x96e61422b6a9ba0e068b6c5add4ffabc6a4aae27,FixedEUR
365,0x226bb599a12c826476e3a771454697ea52e9e220,0x226bb599a12c826476e3a771454697ea52e9e220,PropyToken
366,0x9e46a38f5daabe8683e10793b06749eef7d733d1,0x9e46a38f5daabe8683e10793b06749eef7d733d1,NectarToken
367,0x3593d125a4f7849a1b059e64f4517a86dd60c95d,0x3593d125a4f7849a1b059e64f4517a86dd60c95d,OMTokenV2
368,0x15b543e986b8c34074dfc9901136d9355a537e7e,0x15b543e986b8c34074dfc9901136d9355a537e7e,STCERC20
369,0x56d811088235f11c8920698a204a5010a788f4b3,0x56d811088235f11c8920698a204a5010a788f4b3,BZRXToken
370,0xfd09911130e6930bf87f2b0554c44f400bd80d3e,0xe1406825186d63980fd6e2ec61888f7b91c4bae4,
371,0x17ef75aa22dd5f6c2763b8304ab24f40ee54d48a,0x17ef75aa22dd5f6c2763b8304ab24f40ee54d48a,Token
372,0xdf801468a808a32656d2ed2d2d80b72a129739f4,0xdf801468a808a32656d2ed2d2d80b72a129739f4,ERC20Full
374,0x3d658390460295fb963f54dc0899cfb1c30776df,0xe7bd68547f41413a6baa7609550a7eb58c84c406,
375,0xadd5e881984783dd432f80381fb52f45b53f3e70,0xadd5e881984783dd432f80381fb52f45b53f3e70,ViteToken
376,0x9506d37f70eb4c3d79c398d326c871abbf10521d,0x9506d37f70eb4c3d79c398d326c871abbf10521d,MediaLicensingToken
377,0xbd0793332e9fb844a52a205a233ef27a5b34b927,0x732a986b020765e2ad189fe9238b18bf529eab19,
378,0x0202be363b8a4820f3f4de7faf5224ff05943ab1,0x0202be363b8a4820f3f4de7faf5224ff05943ab1,UniLendToken
379,0x4c11249814f11b9346808179cf06e71ac328c1b5,0x0555991513a39a7a830245d04e393a71cb05b293,OraiToken
380,0xc5bbae50781be1669306b9e001eff57a2957b09d,0xc5bbae50781be1669306b9e001eff57a2957b09d,Gifto
381,0x3ab6ed69ef663bd986ee59205ccad8a20f98b4c2,0x3ab6ed69ef663bd986ee59205ccad8a20f98b4c2,DrepToken
382,0x9fa69536d1cda4a04cfb50688294de75b505a9ae,0x9fa69536d1cda4a04cfb50688294de75b505a9ae,ERC20
383,0x66a0f676479cee1d7373f3dc2e2952778bff5bd6,0x66a0f676479cee1d7373f3dc2e2952778bff5bd6,WiseToken
384,0x818fc6c2ec5986bc6e2cbf00939d90556ab12ce5,0x818fc6c2ec5986bc6e2cbf00939d90556ab12ce5,KinToken
388,0xfe18be6b3bd88a2d2a7f928d00292e7a9963cfc6,0x174cf8136b3a004ff3f7b09c04c822fc0af896b6,
389,0x2da719db753dfa10a62e140f436e1d67f2ddb0d6,0x2da719db753dfa10a62e140f436e1d67f2ddb0d6,Token
390,0xec213f83defb583af3a000b1c0ada660b1902a0f,0x343a1cae36b1ca047b24fc2780869dc2c1b84137,
391,0x96610186f3ab8d73ebee1cf950c750f3b1fb79c2,0x96610186f3ab8d73ebee1cf950c750f3b1fb79c2,EjsToken
392,0x08d967bb0134f2d07f7cfb6e246680c53927dd30,0xcb0797aaca2fd4edd3bf07e7157d40322629af8b,MATHToken
393,0x8400d94a5cb0fa0d041a3788e395285d61c9ee5e,0x8400d94a5cb0fa0d041a3788e395285d61c9ee5e,UniBrightToken
394,0x93ed3fbe21207ec2e8f2d3c3de6e058cb73bc04d,0x93ed3fbe21207ec2e8f2d3c3de6e058cb73bc04d,MiniMeToken
395,0x08c32b0726c5684024ea6e141c50ade9690bbdcc,0x08c32b0726c5684024ea6e141c50ade9690bbdcc,Stratos
396,0x584bc13c7d411c00c01a62e8019472de68768430,0x97a42154b194d1b6d4d5046f744e627ad6d7af4d,Hegic
397,0xe5dada80aa6477e85d09747f2842f7993d0df71c,0xe5dada80aa6477e85d09747f2842f7993d0df71c,DockToken
398,0x00e856ee945a49bb73436e719d96910cd9d116a4,0xa248af02dff92dfd9179d4adebad21fa878aeaaa,AnyswapV5ERC20
400,0x7d29a64504629172a429e64183d6673b9dacbfce,0x7d29a64504629172a429e64183d6673b9dacbfce,VXV
401,0x446c9033e7516d820cc9a2ce2d0b7328b579406f,0xa039369062636605761d2a6cedd9703862109f84,HealthCareToken
402,0xfca59cd816ab1ead66534d82bc21e7515ce441cf,0xfca59cd816ab1ead66534d82bc21e7515ce441cf,RariToken
403,0xf938424f7210f31df2aee3011291b658f872e91e,0xf938424f7210f31df2aee3011291b658f872e91e,ERC20
405,0xf8c3527cc04340b208c854e985240c02f7b7793f,0x9e98ea589f8b3bb33351034a77ce96cc31b894e0,FrontierToken
406,0x4fbb350052bca5417566f188eb2ebce5b19bc964,0x4fbb350052bca5417566f188eb2ebce5b19bc964,RigoToken
407,0x626e8036deb333b408be468f951bdb42433cbf18,0x626e8036deb333b408be468f951bdb42433cbf18,AIOZToken
409,0x0bb217e40f8a5cb79adf04e1aab60e5abd0dfc1e,0x78c4ce8a0f0251da5fa9238a761cf92b23620aba,SwftCoin
410,0x3496b523e5c00a4b4150d6721320cddb234c3079,0x900e2729701c794cbe9d8a9dfa861dd73e61c403,TokenProxy
411,0x4b520c812e8430659fc9f12f6d0c39026c83588d,0x4b520c812e8430659fc9f12f6d0c39026c83588d,DGLight
412,0xf5cfbc74057c610c8ef151a439252680ac68c6dc,0xf5cfbc74057c610c8ef151a439252680ac68c6dc,OctToken
413,0x970b9bb2c0444f5e81e9d0efb84c8ccdcdcaf84d,0x970b9bb2c0444f5e81e9d0efb84c8ccdcdcaf84d,ERC677BridgeToken
414,0xdd974d5c2e2928dea5f71b9825b8b646686bd200,0x3be856c94c7a1ff4f433ae95a48544b1a62ce385,
415,0x5cac718a3ae330d361e39244bf9e67ab17514ce8,0xce3001d29617b9fe04e053d8ecae05f86136ba83,COT
416,0xcfb98637bcae43c13323eaa1731ced2b716962fd,0xcfb98637bcae43c13323eaa1731ced2b716962fd,NEToken
417,0x43044f861ec040db59a7e324c40507addb673142,0x43044f861ec040db59a7e324c40507addb673142,CAPToken
418,0x0de05f6447ab4d22c8827449ee4ba2d5c288379b,0x0de05f6447ab4d22c8827449ee4ba2d5c288379b,OokiTokenProxy
419,0x6f80310ca7f2c654691d1383149fa1a57d8ab1f8,0x6f80310ca7f2c654691d1383149fa1a57d8ab1f8,SiloGovernanceToken
420,0xa5f2211b9b8170f694421f2046281775e8468044,0xa5f2211b9b8170f694421f2046281775e8468044,ThorToken
424,0x2e9d63788249371f1dfc918a52f8d799f4a38c94,0x2e9d63788249371f1dfc918a52f8d799f4a38c94,Toke
425,0xe1ca72ff3434b131765c62cbcbc26060f7aba03d,0xe1ca72ff3434b131765c62cbcbc26060f7aba03d,PermittableToken
426,0x38c87aa89b2b8cd9b95b736e1fa7b612ea972169,0x38c87aa89b2b8cd9b95b736e1fa7b612ea972169,AMOCoin
427,0x1bf7fd22709733ccd7c45ab27dd02c7ec8e50078,0x34f49e2ea4fb9b80714f8776932528a79c39de28,SimpleToken
428,0xfb5c6815ca3ac72ce9f5006869ae67f18bf77006,0xfb5c6815ca3ac72ce9f5006869ae67f18bf77006,pStake
429,0xadb2437e6f65682b85f814fbc12fec0508a7b1d0,0xadb2437e6f65682b85f814fbc12fec0508a7b1d0,UNCX
430,0xf418588522d5dd018b425e472991e52ebbeeeeee,0xf418588522d5dd018b425e472991e52ebbeeeeee,EPNS
431,0x0000000000095413afc295d19edeb1ad7b71c952,0x0000000000095413afc295d19edeb1ad7b71c952,Lon
432,0xdf574c24545e5ffecb9a659c229253d4111d87e1,0xdf574c24545e5ffecb9a659c229253d4111d87e1,HUSDToken
433,0x23b608675a2b2fb1890d3abbd85c5775c51691d5,0x23b608675a2b2fb1890d3abbd85c5775c51691d5,Vyper_contract
434,0x41d5d79431a913c4ae7d69a668ecdfe5ff9dfb68,0x41d5d79431a913c4ae7d69a668ecdfe5ff9dfb68,INV
435,0x777fd20c983d6658c1d50b3958b3a1733d1cd1e1,0xc07a150ecadf2cc352f5586396e344a6b17625eb,NewsCoin
436,0xb26c4b3ca601136daf98593feaeff9e0ca702a8d,0x245e45c2efeda67c19bbf6c223e4bd11caa6028c,ALDToken
437,0x697beac28b09e122c4332d163985e8a73121b97f,0x697beac28b09e122c4332d163985e8a73121b97f,QRL_Token
439,0x701c244b988a513c945973defa05de933b23fe1d,0x701c244b988a513c945973defa05de933b23fe1d,OpenANXToken
440,0x0d88ed6e74bbfd96b831231638b66c05571e824f,0x86fa049857e0209aa7d9e616f7eb3b3b78ecfdb0,DSToken
441,0x31f69de127c8a0ff10819c0955490a4ae46fcc2a,0xc612d620bd2be9d7825542c2423d319be5009b3f,
443,0xeb4c2781e4eba804ce9a9803c67d0893436bb27d,0x398ec7346dcd622edc5ae82352f02be94c62d119,RenBTC
444,0x8e6cd950ad6ba651f6dd608dc70e5886b1aa6b24,0x8e6cd950ad6ba651f6dd608dc70e5886b1aa6b24,StarLink
446,0x8642a849d0dcb7a15a974794668adcfbe4794b56,0x8642a849d0dcb7a15a974794668adcfbe4794b56,PROS
447,0xb4371da53140417cbb3362055374b10d97e420bb,0xb4371da53140417cbb3362055374b10d97e420bb,SwitcheoToken
448,0x5d285f735998f36631f678ff41fb56a10a4d0429,0x5d285f735998f36631f678ff41fb56a10a4d0429,MixMarvelToken
449,0x0954906da0bf32d5479e25f46056d22f08464cab,0x0954906da0bf32d5479e25f46056d22f08464cab,IndexToken
450,0x55af5865807b196bd0197e0902746f31fbccfa58,0xa248af02dff92dfd9179d4adebad21fa878aeaaa,AnyswapV5ERC20
451,0x464ebe77c293e473b48cfe96ddcf88fcf7bfdac0,0x464ebe77c293e473b48cfe96ddcf88fcf7bfdac0,KryllToken
452,0xa36fdbbae3c9d55a1d67ee5821d53b50b63a1ab9,0xa36fdbbae3c9d55a1d67ee5821d53b50b63a1ab9,TempusToken
455,0x1a3496c18d558bd9c6c8f609e1b129f67ab08163,0x1a3496c18d558bd9c6c8f609e1b129f67ab08163,DEAPCoin
456,0x2c974b2d0ba1716e644c1fc59982a89ddd2ff724,0x138a8752093f4f9a79aaedf48d4b9248fab93c9c,VibeToken
458,0x3affcca64c2a6f4e3b6bd9c64cd2c969efd1ecbe,0x00fdae9174357424a78afaad98da36fd66dd9e03,
459,0x4f81c790581b240a5c948afd173620ecc8c71c8d,0x5cdde785eeb4639adae95bc15955a5201e7eebc9,DGTownHall
461,0xe25bcec5d3801ce3a794079bf94adf1b8ccd802d,0xe25bcec5d3801ce3a794079bf94adf1b8ccd802d,MANToken
462,0x99ea4db9ee77acd40b119bd1dc4e33e1c070b80d,0x741981ce4bad57613d2618a887971c93a3905a50,QuantstampToken
463,0x00813e3421e1367353bfe7615c7f7f133c89df74,0x00813e3421e1367353bfe7615c7f7f133c89df74,SPS
464,0x03ab458634910aad20ef5f1c8ee96f1d6ac54919,0x03ab458634910aad20ef5f1c8ee96f1d6ac54919,Coin
465,0x89ab32156e46f46d02ade3fecbe5fc4243b9aaed,0x89ab32156e46f46d02ade3fecbe5fc4243b9aaed,PNT
466,0xcf3c8be2e2c42331da80ef210e9b1b307c03d36a,0x786001c9c5ca6e502deb8a8a72480d2147891f32,BetProtocolToken
467,0x8069080a922834460c3a092fb2c1510224dc066b,0x8069080a922834460c3a092fb2c1510224dc066b,SpaceChain
468,0xb98d4c97425d9908e66e53a6fdf673acca0be986,0xb98d4c97425d9908e66e53a6fdf673acca0be986,ArcBlockToken
469,0x998ffe1e43facffb941dc337dd0468d52ba5b48a,0x1edc0fcdd7d0c7a562f092f0e3267d96df5f655c,
470,0x3a880652f47bfaa771908c07dd8673a787daed3a,0x3a880652f47bfaa771908c07dd8673a787daed3a,DDX
471,0xc770eefad204b5180df6a14ee197d99d808ee52d,0xc770eefad204b5180df6a14ee197d99d808ee52d,FOX
472,0xfc979087305a826c2b2a0056cfaba50aad3e6439,0xfc979087305a826c2b2a0056cfaba50aad3e6439,DAFIToken
473,0xe2dc070524a6e305ddb64d8513dc444b6a1ec845,0xe2dc070524a6e305ddb64d8513dc444b6a1ec845,NEX
475,0x5e3346444010135322268a4630d2ed5f8d09446c,0x599ede2a1fc719b8dbbd5a4bb1209511595acf9b,LockChain
476,0xfc0d6cf33e38bce7ca7d89c0e292274031b7157a,0xfc0d6cf33e38bce7ca7d89c0e292274031b7157a,NetVrkToken
477,0xd38bb40815d2b0c2d2c866e0c72c5728ffc76dd9,0xd38bb40815d2b0c2d2c866e0c72c5728ffc76dd9,Symbiosis
480,0x549020a9cb845220d66d3e9c6d9f9ef61c981102,0x549020a9cb845220d66d3e9c6d9f9ef61c981102,Sidus
481,0xc28e931814725bbeb9e670676fabbcb694fe7df2,0xc28e931814725bbeb9e670676fabbcb694fe7df2,QuadToken
482,0xde5ed76e7c05ec5e4572cfc88d1acea165109e44,0xde5ed76e7c05ec5e4572cfc88d1acea165109e44,DEUSToken
483,0x06f3c323f0238c72bf35011071f2b5b7f43a054c,0x06f3c323f0238c72bf35011071f2b5b7f43a054c,MASQv2
484,0x37fe0f067fa808ffbdd12891c0858532cfe7361d,0xb3919be36ba5fa04dc5173aff16627a114679c10,CivilizationToken
485,0x72dd4b6bd852a3aa172be4d6c5a6dbec588cf131,0x72dd4b6bd852a3aa172be4d6c5a6dbec588cf131,NAGACoin
486,0xc7c03b8a3fc5719066e185ea616e87b88eba44a3,0xc7c03b8a3fc5719066e185ea616e87b88eba44a3,EligmaTokenContract
487,0xe5a3229ccb22b6484594973a03a3851dcd948756,0xe5a3229ccb22b6484594973a03a3851dcd948756,RaeToken
488,0xfad45e47083e4607302aa43c65fb3106f1cd7607,0xfad45e47083e4607302aa43c65fb3106f1cd7607,HOGE
489,0xa02120696c7b8fe16c09c749e4598819b2b0e915,0xa02120696c7b8fe16c09c749e4598819b2b0e915,WirexToken
490,0xf293d23bf2cdc05411ca0eddd588eb1977e8dcd4,0x66526ce5502de53968e95fa57cc7724c670dc8ea,SyloToken
492,0x785c34312dfa6b74f6f1829f79ade39042222168,0xe540204af3a5d77419552b35aead5453a477a7da,
495,0x340d2bde5eb28c1eed91b2f790723e3b160613b7,0x340d2bde5eb28c1eed91b2f790723e3b160613b7,BlockvToken
497,0xb9ef770b6a5e12e45983c5d80545258aa38f3b78,0xde9ab41040a1fe5ea59e89d8f02e49f514532538,ZerochainToken
499,0x0763fdccf1ae541a5961815c0872a8c5bc6de4d7,0x6c920e583d67c08028464d8056fbbd02302207ea,SukuToken
500,0x77777feddddffc19ff86db637967013e6c6a116c,0x77777feddddffc19ff86db637967013e6c6a116c,TORN
501,0x2ab6bb8408ca3199b8fa6c92d5b455f820af03c4,0x2ab6bb8408ca3199b8fa6c92d5b455f820af03c4,TEFoods827Token
503,0x2781246fe707bb15cee3e5ea354e2154a2877b16,0x5bc901cbebefb03a56d45e57e4f356dc4db30ab5,ELToken
504,0x1410434b0346f5be678d0fb554e5c7ab620f8f4a,0x1410434b0346f5be678d0fb554e5c7ab620f8f4a,KanCoin
505,0x4b1e80cac91e2216eeb63e29b957eb91ae9c2be8,0x4b1e80cac91e2216eeb63e29b957eb91ae9c2be8,Jupiter
506,0x42d6622dece394b54999fbd73d108123806f6a18,0x4bf39e0e3bf4097564ec41ccc26cbf3da3a7417a,HumanStandardToken
507,0x31429d1856ad1377a8a0079410b297e1a9e214c2,0x31429d1856ad1377a8a0079410b297e1a9e214c2,ANGLE
509,0xba3335588d9403515223f109edc4eb7269a9ab5d,0xba3335588d9403515223f109edc4eb7269a9ab5d,GearToken
511,0xe9a95d175a5f4c9369f3b74222402eb1b837693b,0x20858fd45af25b715c8c995f08420166e604b668,ChangeNOWToken
512,0x6a4c76874e686a7d080d173987a35a9c48905583,0x6a4c76874e686a7d080d173987a35a9c48905583,LuxuriousProNetworkToken
513,0x87d73e916d7057945c9bcd8cdd94e42a6f47f776,0xd017d2403d779a31e1fa2261e0d3997bcacad851,
514,0xe65ee7c03bbb3c950cfd4895c24989afa233ef01,0xe65ee7c03bbb3c950cfd4895c24989afa233ef01,FixedSupplyBurnableToken
515,0x5a666c7d92e5fa7edcb6390e4efd6d0cdd69cf37,0x5a666c7d92e5fa7edcb6390e4efd6d0cdd69cf37,UnmarshalToken
516,0x6bb61215298f296c55b19ad842d3df69021da2ef,0x68481f2c02be3786987ac2bc3327171c5d05f9bd,Dop
517,0x738865301a9b7dd80dc3666dd48cf034ec42bdda,0x738865301a9b7dd80dc3666dd48cf034ec42bdda,AgorasToken
518,0x321c2fe4446c7c963dc41dd58879af648838f98d,0x321c2fe4446c7c963dc41dd58879af648838f98d,Ctx
519,0x9f52c8ecbee10e00d9faaac5ee9ba0ff6550f511,0x4ddb0b8f49d29a433e6d39df0d875a0d1f779115,
520,0x9dfad1b7102d46b1b197b90095b5c4e9f5845bba,0x1c5d584bd9bbf1138f1f38b4a5fb056d603e78b8,BOTTO
521,0x44709a920fccf795fbc57baa433cc3dd53c44dbe,0x44709a920fccf795fbc57baa433cc3dd53c44dbe,RadarToken
524,0xaa19961b6b858d9f18a115f25aa1d98abc1fdba8,0xaa19961b6b858d9f18a115f25aa1d98abc1fdba8,LCS
525,0xf4134146af2d511dd5ea8cdb1c4ac88c57d60404,0xf4134146af2d511dd5ea8cdb1c4ac88c57d60404,SunContractToken
527,0x08389495d7456e1951ddf7c3a1314a4bfb646d8b,0x7932656bd0dd943b80c8d42c9cc80d5994779feb,CRPT
528,0xc314b0e758d5ff74f63e307a86ebfe183c95767b,0xc314b0e758d5ff74f63e307a86ebfe183c95767b,AdappterToken
529,0x746dda2ea243400d5a63e0700f190ab79f06489e,0x746dda2ea243400d5a63e0700f190ab79f06489e,BOSAGORA
530,0xca1207647ff814039530d7d35df0e1dd2e91fa84,0xca1207647ff814039530d7d35df0e1dd2e91fa84,DHedgeTokenProxy
531,0xb7cb1c96db6b22b0d3d9536e0108d062bd488f74,0x6810e776880c02933d47db1b9fc05908e5386b96,WaltonToken
533,0xee573a945b01b788b9287ce062a0cfc15be9fd86,0xee573a945b01b788b9287ce062a0cfc15be9fd86,XEDToken
535,0x327682779bab2bf4d1337e8974ab9de8275a7ca8,0x327682779bab2bf4d1337e8974ab9de8275a7ca8,BlockportToken
536,0x1614f18fc94f47967a3fbe5ffcd46d4e7da3d787,0xe9451142a3b561f327b8d93e6d4e213e098e9ea3,
537,0x0c572544a4ee47904d54aaa6a970af96b6f00e1b,0x0c572544a4ee47904d54aaa6a970af96b6f00e1b,WasderToken
538,0xeeaa40b28a2d1b0b08f6f97bb1dd4b75316c6107,0x8feeb9f36f484b312a30cb5486aa99976dab63b0,GOVI
539,0xd291e7a03283640fdc51b121ac401383a46cc623,0xe1406825186d63980fd6e2ec61888f7b91c4bae4,
540,0x9469d013805bffb7d3debe5e7839237e535ec483,0x9469d013805bffb7d3debe5e7839237e535ec483,RING
541,0x7de91b204c1c737bcee6f000aaa6569cf7061cb7,0x52a175413b99ee49b7a743226ddade4f97f161fb,
542,0x1559fa1b8f28238fd5d76d9f434ad86fd20d1559,0x1559fa1b8f28238fd5d76d9f434ad86fd20d1559,EdenToken
543,0xb9d99c33ea2d86ec5ec6b8a4dd816ebba64404af,0x97a42154b194d1b6d4d5046f744e627ad6d7af4d,K21
544,0x686f2404e77ab0d9070a46cdfb0b7fecdd2318b0,0x686f2404e77ab0d9070a46cdfb0b7fecdd2318b0,TheLordsToken
545,0xd528cf2e081f72908e086f8800977df826b5a483,0xd528cf2e081f72908e086f8800977df826b5a483,PBXToken
546,0x26c8afbbfe1ebaca03c2bb082e69d0476bffe099,0x97a42154b194d1b6d4d5046f744e627ad6d7af4d,CellToken
547,0x954b890704693af242613edef1b603825afcd708,0x8e870d67f660d95d5be530380d0ec0bd388289e1,AdminUpgradeabilityProxy
548,0x3aada3e213abf8529606924d8d1c55cbdc70bf74,0x3aada3e213abf8529606924d8d1c55cbdc70bf74,XMON
549,0xc07a150ecadf2cc352f5586396e344a6b17625eb,0xc07a150ecadf2cc352f5586396e344a6b17625eb,BiotCoin
550,0xe8780b48bdb05f928697a5e8155f672ed91462f7,0xe8780b48bdb05f928697a5e8155f672ed91462f7,CentrallyIssuedToken
551,0x72b886d09c117654ab7da13a14d603001de0b777,0xc612d620bd2be9d7825542c2423d319be5009b3f,
552,0x038a68ff68c393373ec894015816e33ad41bd564,0x97a42154b194d1b6d4d5046f744e627ad6d7af4d,Glitch
553,0xd4c435f5b09f855c3317c8524cb1f586e42795fa,0xd4c435f5b09f855c3317c8524cb1f586e42795fa,CND
554,0x06a01a4d579479dd5d884ebf61a31727a3d8d442,0x5b1bf536a818bcf066ea225d6e00437814e8a08f,Token
555,0xe2f2a5c287993345a840db3b0845fbc70f5935a5,0x398ec7346dcd622edc5ae82352f02be94c62d119,InitializableAdminUpgradeabilityProxy
556,0x509a38b7a1cc0dcd83aa9d06214663d9ec7c7f4a,0x509a38b7a1cc0dcd83aa9d06214663d9ec7c7f4a,BlocksquareToken
557,0x2ecb13a8c458c379c4d9a7259e202de03c8f3d19,0x2ecb13a8c458c379c4d9a7259e202de03c8f3d19,MainToken
558,0x474021845c4643113458ea4414bdb7fb74a01a77,0x52f4ec19369763fae1020d1730d6f41d78598ef9,UnoRe
559,0x7c5a0ce9267ed19b22f8cae653f198e3e8daf098,0x7c5a0ce9267ed19b22f8cae653f198e3e8daf098,SAN
560,0xc4c2614e694cf534d407ee49f8e44d125e4681c4,0x08130635368aa28b217a4dfb68e1bf8dc525621c,
561,0xe5caef4af8780e59df925470b050fb23c43ca68c,0xe5caef4af8780e59df925470b050fb23c43ca68c,FerrumToken
562,0x544c42fbb96b39b21df61cf322b5edc285ee7429,0xe9451142a3b561f327b8d93e6d4e213e098e9ea3,
564,0x8a9c67fee641579deba04928c4bc45f66e26343a,0x00fdae9174357424a78afaad98da36fd66dd9e03,
566,0x4a527d8fc13c5203ab24ba0944f4cb14658d1db6,0x8d0749084afeb14595f1ee31634a6e3ee4e64a11,MITx_Token
567,0x2e2364966267b5d7d2ce6cd9a9b5bd19d9c7c6a9,0x08130635368aa28b217a4dfb68e1bf8dc525621c,
568,0x6758b7d441a9739b98552b373703d8d3d14f9e62,0x6758b7d441a9739b98552b373703d8d3d14f9e62,POA20
569,0xcd1faff6e578fa5cac469d2418c95671ba1a62fe,0xcd1faff6e578fa5cac469d2418c95671ba1a62fe,Torum
570,0x4c6ec08cf3fc987c6c4beb03184d335a2dfc4042,0x4c6ec08cf3fc987c6c4beb03184d335a2dfc4042,PaintToken
572,0xa393473d64d2f9f026b60b6df7859a689715d092,0xc532e93d1fe95d573d4a0a6d451183b828ab2176,LatticeToken
573,0xf4d861575ecc9493420a3f5a14f85b13f0b50eb3,0xf4d861575ecc9493420a3f5a14f85b13f0b50eb3,FCLToken
575,0x2f109021afe75b949429fe30523ee7c0d5b27207,0x2f109021afe75b949429fe30523ee7c0d5b27207,OCC
576,0xbbbbbbb5aa847a2003fbc6b5c16df0bd1e725f61,0xbbbbbbb5aa847a2003fbc6b5c16df0bd1e725f61,BPRO
577,0x6425c6be902d692ae2db752b3c268afadb099d3b,0xf5be51fb93f296858344f044ae664af481c1a20d,RestartEnergyToken
579,0xd9016a907dc0ecfa3ca425ab20b6b785b42f2373,0xd9016a907dc0ecfa3ca425ab20b6b785b42f2373,GAMEE
581,0x298d492e8c1d909d3f63bc4a36c66c64acb3d695,0x298d492e8c1d909d3f63bc4a36c66c64acb3d695,PolkaBridge
582,0x671abbe5ce652491985342e85428eb1b07bc6c64,0x671abbe5ce652491985342e85428eb1b07bc6c64,QuantumToken
583,0x3dd98c8a089dbcff7e8fc8d4f532bd493501ab7f,0x3dd98c8a089dbcff7e8fc8d4f532bd493501ab7f,Token
584,0x93190dbce9b9bd4aa546270a8d1d65905b5fdd28,0xb5a00e30602ee03074f4f8e996adaf9dc96224a4,DAPSTOKEN
585,0x6226e00bcac68b0fe55583b90a1d727c14fab77f,0x8aa688ab789d1848d131c65d98ceaa8875d97ef1,MultiVACToken
586,0x8971f9fd7196e5cee2c1032b50f656855af7dd26,0x5778e8e088537f2f4deeed43a76722065bfcb710,Lambda
591,0xfdbc1adc26f0f8f8606a5d63b7d3a3cd21c22b23,0xfdbc1adc26f0f8f8606a5d63b7d3a3cd21c22b23,OneWorldOnlineToken
592,0x728f30fa2f100742c7949d1961804fa8e0b1387d,0x72fd45107ae253eaa2ce203cd434635c0389adb1,GamerCoin
594,0x1796ae0b0fa4862485106a0de9b654efe301d0b2,0x631684cfc0c379e9ca6799b6166a2aa7604f85bc,PolkamonToken
596,0x905e337c6c8645263d3521205aa37bf4d034e745,0x383b31de249444711daf30646a538c8f8fba0ed5,MTC
597,0xb4272071ecadd69d933adcd19ca99fe80664fc08,0xb4272071ecadd69d933adcd19ca99fe80664fc08,CryptoFranc
598,0xb31ef9e52d94d4120eb44fe1ddfde5b4654a6515,0xb31ef9e52d94d4120eb44fe1ddfde5b4654a6515,DOSE
599,0x2c9023bbc572ff8dc1228c7858a280046ea8c9e5,0xade2fc8d9955af2f3a69981c26daaf351cc3d728,VideoCoin
601,0x50f09629d0afdf40398a3f317cc676ca9132055c,0x8bd135bb2543955045ca8859c05033d07636d963,Evaitoken
602,0x108a850856db3f85d0269a2693d896b394c80325,0x108a850856db3f85d0269a2693d896b394c80325,TGT
603,0xebd9d99a3982d547c5bb4db7e3b1f9f14b67eb83,0xebd9d99a3982d547c5bb4db7e3b1f9f14b67eb83,ElementToken
604,0xd794dd1cada4cf79c9eebaab8327a1b0507ef7d4,0xd794dd1cada4cf79c9eebaab8327a1b0507ef7d4,HYVE
605,0xdb5c3c46e28b53a39c255aa39a411dd64e5fed9c,0x1af79fb7772ebafebcfd5cc79e67281a814ccb1d,NeosCredits
607,0x2d0e95bd4795d7ace0da3c0ff7b706a5970eb9d3,0x2d0e95bd4795d7ace0da3c0ff7b706a5970eb9d3,AllSportsCoin
608,0x6e109e9dd7fa1a58bc3eff667e8e41fc3cc07aef,0x6e109e9dd7fa1a58bc3eff667e8e41fc3cc07aef,TetherToken
609,0xfb130d93e49dca13264344966a611dc79a456bc5,0xe7e54e46f76f997a92d91ac4bde9bc9e1eba8668,DOGEGF
610,0x3a8cccb969a61532d1e6005e2ce12c200caece87,0x89fb927240750c1b15d4743cd58440fc5f14a11c,TiTanSwapToken
613,0xf3dcbc6d72a4e1892f7917b7c43b74131df8480e,0xf3dcbc6d72a4e1892f7917b7c43b74131df8480e,BDPToken
614,0x6fc13eace26590b80cccab1ba5d51890577d83b2,0x6fc13eace26590b80cccab1ba5d51890577d83b2,UMB
615,0x73d7c860998ca3c01ce8c808f5577d94d545d1b4,0x73d7c860998ca3c01ce8c808f5577d94d545d1b4,IxsToken
616,0x8578530205cecbe5db83f7f29ecfeec860c297c2,0x8578530205cecbe5db83f7f29ecfeec860c297c2,AOG
617,0x16631e53c20fd2670027c6d53efe2642929b285c,0xe540204af3a5d77419552b35aead5453a477a7da,TransparentUpgradeableProxy
618,0x41a3dba3d677e573636ba691a70ff2d606c29666,0x41a3dba3d677e573636ba691a70ff2d606c29666,ERC20
619,0x10633216e7e8281e33c86f02bf8e565a635d9770,0x10633216e7e8281e33c86f02bf8e565a635d9770,Dvision
620,0xe4cfe9eaa8cdb0942a80b7bc68fd8ab0f6d44903,0xe4cfe9eaa8cdb0942a80b7bc68fd8ab0f6d44903,XendToken
621,0x6b9f031d718dded0d681c20cb754f97b3bb81b78,0x6b9f031d718dded0d681c20cb754f97b3bb81b78,GEEQToken
622,0xcaa05e82bdcba9e25cd1a3bf1afb790c1758943d,0x97472ce862fc811ecbed9f3123e1dbf55fe40c9b,PartnerToken
624,0xd241d7b5cb0ef9fc79d9e4eb9e21f5e209f52f7d,0xaa52c04c7b18c2ebdba34627bde40c0bf241065c,HooToken
625,0xaaaf91d9b90df800df4f55c205fd6989c977e73a,0xaaaf91d9b90df800df4f55c205fd6989c977e73a,Token
626,0xa499648fd0e80fd911972bbeb069e4c20e68bf22,0x3d9233f15bb93c78a4f07b5c5f7a018630217cb3,
627,0x16cda4028e9e872a38acb903176719299beaed87,0xb6dc5866419e78724e478527a4a59fc3eb096d06,Mars4ERC20
628,0x7b6f71c8b123b38aa8099e0098bec7fbc35b8a13,0x7b6f71c8b123b38aa8099e0098bec7fbc35b8a13,ERC20Minter
629,0xada86b1b313d1d5267e3fc0bb303f0a2b66d0ea7,0x1a335045f32cebf5ab13f447ef071199dd353347,COVToken
630,0x2791bfd60d232150bff86b39b7146c0eaaa2ba81,0x2791bfd60d232150bff86b39b7146c0eaaa2ba81,ERC20
631,0xbc19712feb3a26080ebf6f2f7849b417fdd792ca,0xbc19712feb3a26080ebf6f2f7849b417fdd792ca,Boring
632,0xf001937650bb4f62b57521824b2c20f5b91bea05,0xf001937650bb4f62b57521824b2c20f5b91bea05,Tara
633,0xaf4dce16da2877f8c9e00544c93b62ac40631f16,0xaf4dce16da2877f8c9e00544c93b62ac40631f16,MonethaToken
636,0x68037790a0229e9ce6eaa8a99ea92964106c4703,0x68037790a0229e9ce6eaa8a99ea92964106c4703,PAR
637,0x4946fcea7c692606e8908002e55a582af44ac121,0x4946fcea7c692606e8908002e55a582af44ac121,Token
638,0x6100dd79fcaa88420750dcee3f735d168abcb771,0xa50eb8d9bcf881e05f763b15bf215c014394b47f,
639,0x3af33bef05c2dcb3c7288b77fe1c8d2aeba4d789,0x888888888889c00c67689029d7856aac1065ec11,Kromatika
642,0x120a3879da835a5af037bb2d1456bebd6b54d4ba,0x120a3879da835a5af037bb2d1456bebd6b54d4ba,RevestToken
643,0x990f341946a3fdb507ae7e52d17851b87168017c,0x990f341946a3fdb507ae7e52d17851b87168017c,Strong
644,0xfe39e6a32acd2af7955cb3d406ba2b55c901f247,0xfe39e6a32acd2af7955cb3d406ba2b55c901f247,
645,0xf85feea2fdd81d51177f6b8f35f0e6734ce45f5f,0xf85feea2fdd81d51177f6b8f35f0e6734ce45f5f,CyberMilesToken
646,0xb17c88bda07d28b3838e0c1de6a30eafbcf52d85,0xb17c88bda07d28b3838e0c1de6a30eafbcf52d85,ShyftKycContract
647,0x73374ea518de7addd4c2b624c0e8b113955ee041,0xecc0f1f860a82ab3b442382d93853c02d6384389,JuggernautToken
648,0x4156d3342d5c385a87d264f90653733592000581,0x4156d3342d5c385a87d264f90653733592000581,Salt
649,0x9f9c8ec3534c3ce16f928381372bfbfbfb9f4d24,0x9f9c8ec3534c3ce16f928381372bfbfbfb9f4d24,GraphLinq
650,0xdfe66b14d37c77f4e9b180ceb433d1b164f0281d,0xe1406825186d63980fd6e2ec61888f7b91c4bae4,
651,0xe50365f5d679cb98a1dd62d6f6e58e59321bcddf,0xe50365f5d679cb98a1dd62d6f6e58e59321bcddf,LATToken
652,0x961c8c0b1aad0c0b10a51fef6a867e3091bcef17,0x961c8c0b1aad0c0b10a51fef6a867e3091bcef17,DeFiYieldProtocol
654,0x630d98424efe0ea27fb1b3ab7741907dffeaad78,0x630d98424efe0ea27fb1b3ab7741907dffeaad78,TokenProxy
655,0x374cb8c27130e2c9e04f44303f3c8351b9de61c1,0x374cb8c27130e2c9e04f44303f3c8351b9de61c1,BaoToken
656,0x4463e6a3ded0dbe3f6e15bc8420dfc55e5fea830,0x4463e6a3ded0dbe3f6e15bc8420dfc55e5fea830,TXA
657,0x419c4db4b9e25d6db2ad9691ccb832c8d9fda05e,0x419c4db4b9e25d6db2ad9691ccb832c8d9fda05e,Dragon
658,0xffffffff2ba8f66d4e51811c5190992176930278,0x97a42154b194d1b6d4d5046f744e627ad6d7af4d,COMBO
659,0xf519381791c03dd7666c142d4e49fd94d3536011,0x2f04435221cf2da250134393fcbe865e1557a1bd,ASIACOIN
660,0x0b498ff89709d3838a063f1dfa463091f9801c2b,0xdc11c313a28a68c6fc4df718dd93f057849e8208,
661,0x16484d73ac08d2355f466d448d2b79d2039f6ebb,0x7e4fd7494671b6585ef5d30b8955b87b071515ed,FKX
662,0x1b40183efb4dd766f11bda7a7c3ad8982e998421,0x1b40183efb4dd766f11bda7a7c3ad8982e998421,VSP
663,0x8287c7b963b405b7b8d467db9d79eec40625b13a,0x8287c7b963b405b7b8d467db9d79eec40625b13a,SwingbyToken
664,0x34be5b8c30ee4fde069dc878989686abe9884470,0x34be5b8c30ee4fde069dc878989686abe9884470,Senate
665,0xfb559ce67ff522ec0b9ba7f5dc9dc7ef6c139803,0xbc0746c5b34f6a73b7185988053d8a0dfc37489e,PROB
666,0x0cec1a9154ff802e7934fc916ed7ca50bde6844e,0x0cec1a9154ff802e7934fc916ed7ca50bde6844e,Pool
668,0x6149c26cd2f7b5ccdb32029af817123f6e37df5b,0x6149c26cd2f7b5ccdb32029af817123f6e37df5b,LaunchPoolToken
669,0x0ec9f76202a7061eb9b3a7d6b59d36215a7e37da,0x0ec9f76202a7061eb9b3a7d6b59d36215a7e37da,BlackPoolToken
670,0xb9bb08ab7e9fa0a1356bd4a39ec0ca267e03b0b3,0xb9bb08ab7e9fa0a1356bd4a39ec0ca267e03b0b3,PAIStandardToken
672,0x64a60493d888728cf42616e034a0dfeae38efcf0,0x83349185d08d7f66e01224b49ab0952862310320,OneledgerToken
673,0xba8a621b4a54e61c442f5ec623687e2a942225ef,0x7bd4fdba35f9ee02c908bea3ffa9172cb314114d,QuartzToken
674,0xb753428af26e81097e7fd17f40c88aaa3e04902c,0xb753428af26e81097e7fd17f40c88aaa3e04902c,SFI
675,0x5ba19d656b65f1684cfea4af428c23b9f3628f97,0x5ba19d656b65f1684cfea4af428c23b9f3628f97,AAGToken
676,0xacfa209fb73bf3dd5bbfb1101b9bc999c49062a5,0xacfa209fb73bf3dd5bbfb1101b9bc999c49062a5,BCDToken
677,0x054d64b73d3d8a21af3d764efd76bcaa774f3bb2,0x054d64b73d3d8a21af3d764efd76bcaa774f3bb2,Ppay
678,0x56a86d648c435dc707c8405b78e2ae8eb4e60ba4,0xcc4589524574d63032be3da382825eba8fc558af,StackToken
680,0x4c327471c44b2dacd6e90525f9d629bd2e4f662c,0x9e98ea589f8b3bb33351034a77ce96cc31b894e0,GHOST
681,0x519c1001d550c0a1dae7d1fc220f7d14c2a521bb,0x519c1001d550c0a1dae7d1fc220f7d14c2a521bb,
682,0x08f5a9235b08173b7569f83645d2c7fb55e8ccd8,0x08f5a9235b08173b7569f83645d2c7fb55e8ccd8,TierionNetworkToken
683,0x02f61fd266da6e8b102d4121f5ce7b992640cf98,0x02f61fd266da6e8b102d4121f5ce7b992640cf98,LikeCoin
685,0x1c9922314ed1415c95b9fd453c3818fd41867d0b,0x557b933a7c2c45672b610f8954a3deb39a51a8ca,TOWER
686,0xcfeb09c3c5f0f78ad72166d55f9e6e9a60e96eec,0x740e25f0ab8298170c2d444f5f83e1a4a9b72b85,
687,0x60be1e1fe41c1370adaf5d8e66f07cf1c2df2268,0xb81e53f5507d3157644dd9d0e6f6604aebd3ce35,
688,0x188e817b02e635d482ae4d81e25dda98a97c4a42,0x08a70b53b5e8b74a60c870bfe1642219a33462ff,LithiumToken
689,0xee9801669c6138e84bd50deb500827b776777d28,0xee9801669c6138e84bd50deb500827b776777d28,O3
690,0xbd356a39bff2cada8e9248532dd879147221cf76,0xbd356a39bff2cada8e9248532dd879147221cf76,WOMTokenProxy
691,0xa487bf43cf3b10dffc97a9a744cbb7036965d3b9,0xa487bf43cf3b10dffc97a9a744cbb7036965d3b9,Deri
692,0x0aacfbec6a24756c20d41914f2caba817c0d8521,0x0aacfbec6a24756c20d41914f2caba817c0d8521,YAMDelegator
693,0xac3211a5025414af2866ff09c23fc18bc97e79b1,0xac3211a5025414af2866ff09c23fc18bc97e79b1,BurnableCrowdsaleToken
694,0x4bf4f2ea258bf5cb69e9dc0ddb4a7a46a7c10c53,0x4bf4f2ea258bf5cb69e9dc0ddb4a7a46a7c10c53,RapidsToken
695,0x50de6856358cc35f3a9a57eaaa34bd4cb707d2cd,0x07bad4bcd55f39b96f00ddffca09201d86bcf3ac,Razor
696,0x6cacdb97e3fc8136805a9e7c342d866ab77d0957,0xe54942077df7b8eef8d4e6bce2f7b58b0082b0cd,SWPR
697,0xcbfef8fdd706cde6f208460f2bf39aa9c785f05d,0xcbfef8fdd706cde6f208460f2bf39aa9c785f05d,Kine
698,0xa3bed4e1c75d00fa6f4e5e6922db7261b5e9acd2,0xa3bed4e1c75d00fa6f4e5e6922db7261b5e9acd2,MetaToken
699,0x2e95cea14dd384429eb3c4331b776c4cfbb6fcd9,0x2e95cea14dd384429eb3c4331b776c4cfbb6fcd9,ThroneERC20
700,0xb3319f5d18bc0d84dd1b4825dcde5d5f7266d407,0xb3319f5d18bc0d84dd1b4825dcde5d5f7266d407,CErc20
701,0x4df812f6064def1e5e029f1ca858777cc98d2d81,0x4df812f6064def1e5e029f1ca858777cc98d2d81,XaurumToken
702,0xd23ac27148af6a2f339bd82d0e3cff380b5093de,0xd23ac27148af6a2f339bd82d0e3cff380b5093de,SirenToken
704,0x7865af71cf0b288b4e7f654f4f7851eb46a2b7f8,0x1af79fb7772ebafebcfd5cc79e67281a814ccb1d,Sentivate
707,0xe3818504c1b32bf1557b16c238b2e01fd3149c17,0xe3818504c1b32bf1557b16c238b2e01fd3149c17,PillarToken
708,0x84cffa78b2fbbeec8c37391d2b12a04d2030845e,0x089fe6cd08aefbf647a63d9f44715b254b47a51b,DIGITAL_FITNESS
709,0x765f0c16d1ddc279295c1a7c24b0883f62d33f75,0x765f0c16d1ddc279295c1a7c24b0883f62d33f75,DTXToken
710,0xfbeea1c75e4c4465cb2fccc9c6d6afe984558e20,0x2c0f41eb07a0635bac34bd7d11d0ca6058279601,Ducks
711,0xed0439eacf4c4965ae4613d77a5c2efe10e5f183,0x1e18821e69b9faa8e6e75dffe54e7e25754beda0,SHROOMToken
712,0xf3e014fe81267870624132ef3a646b8e83853a96,0xf3e014fe81267870624132ef3a646b8e83853a96,VinToken
713,0xae353daeed8dcc7a9a12027f7e070c0a50b7b6a4,0xae353daeed8dcc7a9a12027f7e070c0a50b7b6a4,INX
714,0xf5238462e7235c7b62811567e63dd17d12c2eaa0,0xf5238462e7235c7b62811567e63dd17d12c2eaa0,CacheGold
715,0xdaf88906ac1de12ba2b1d2f7bfc94e9638ac40c4,0xdaf88906ac1de12ba2b1d2f7bfc94e9638ac40c4,EPK
716,0x58f9102bf53cf186682bd9a281d3cd3c616eec41,0x58f9102bf53cf186682bd9a281d3cd3c616eec41,TriallToken
717,0xc86817249634ac209bc73fca1712bbd75e37407d,0xc11ef75b815151d6f2601922324e957c843ed46f,OneUp
718,0xdacd69347de42babfaecd09dc88958378780fb62,0xdacd69347de42babfaecd09dc88958378780fb62,AtariToken
719,0xe5feeac09d36b18b3fa757e5cf3f8da6b8e27f4c,0x9f295d05baee0e95f52ac1db0c2bdc26a226e4bb,
720,0xc690f7c7fcffa6a82b79fab7508c466fefdfc8c5,0x73b97f0b2d5e082e38ef3b89c40454af393f2bb7,
721,0xad22f63404f7305e4713ccbd4f296f34770513f4,0x20858fd45af25b715c8c995f08420166e604b668,AtomicWallet
723,0xdcd85914b8ae28c1e62f1c488e1d968d5aaffe2b,0x9e8e83c233bb2340f2d86b777794b8a8b4812e6b,
724,0x3c4bea627039f0b7e7d21e34bb9c9fe962977518,0x9d46bd69c65d8bbe845044801d81e08c0dd3cc31,
727,0x1337def16f9b486faed0293eb623dc8395dfe46a,0x97a42154b194d1b6d4d5046f744e627ad6d7af4d,ArmorToken
728,0x94e0bab2f6ab1f19f4750e42d7349f2740513ad5,0x719c3abf7c2435be34ed479b98db85342d107755,
729,0x0b4bdc478791897274652dc15ef5c135cae61e60,0x0b4bdc478791897274652dc15ef5c135cae61e60,DAEXToken
730,0x461733c17b0755ca5649b6db08b3e213fcf22546,0xed1eba8b87cd7e04e9389f65f7aeca750c85a010,ATN
731,0xc834fa996fa3bec7aad3693af486ae53d8aa8b50,0x08a70b53b5e8b74a60c870bfe1642219a33462ff,ConvergenceToken
732,0x4f878c0852722b0976a955d68b376e4cd4ae99e5,0xf3a04a8523e2adf2911e26385024c7262f5af3d9,WaykiCoin
733,0x0db8d8b76bc361bacbb72e2c491e06085a97ab31,0x0db8d8b76bc361bacbb72e2c491e06085a97ab31,iQeon
734,0x7bef710a5759d197ec0bf621c3df802c2d60d848,0x7bef710a5759d197ec0bf621c3df802c2d60d848,ERC20
735,0x08d32b0da63e2c3bcf8019c9c5d849d7a9d791e6,0x08d32b0da63e2c3bcf8019c9c5d849d7a9d791e6,DentacoinToken
736,0x155040625d7ae3e9cada9a73e3e44f76d3ed1409,0x155040625d7ae3e9cada9a73e3e44f76d3ed1409,RevomonToken
737,0x107c4504cd79c5d2696ea0030a8dd4e92601b82e,0x107c4504cd79c5d2696ea0030a8dd4e92601b82e,BLT
738,0x1117ac6ad6cdf1a3bc543bad3b133724620522d5,0xe81a45439ff9bc5841202ce4b2049e578f8771d9,
739,0x3893b9422cd5d70a81edeffe3d5a1c6a978310bb,0x3893b9422cd5d70a81edeffe3d5a1c6a978310bb,MithrilToken
740,0x722f2f3eac7e9597c73a593f7cf3de33fbfc3308,0x722f2f3eac7e9597c73a593f7cf3de33fbfc3308,CnusToken
741,0x12b19d3e2ccc14da04fae33e63652ce469b3f2fd,0x12b19d3e2ccc14da04fae33e63652ce469b3f2fd,HumanStandardToken
742,0x2f141ce366a2462f02cea3d12cf93e4dca49e4fd,0x45dc0b356163708169d13281d82d0a29d67be26f,FreeToken
743,0x0f71b8de197a1c84d31de0f1fa7926c365f052b3,0x0f71b8de197a1c84d31de0f1fa7926c365f052b3,ArconaToken
744,0x60f5672a271c7e39e787427a18353ba59a4a3578,0xe540204af3a5d77419552b35aead5453a477a7da,
745,0xa7f976c360ebbed4465c2855684d1aae5271efa9,0xa7f976c360ebbed4465c2855684d1aae5271efa9,TrueFlipToken
746,0x4a615bb7166210cce20e6642a6f8fb5d4d044496,0x4a615bb7166210cce20e6642a6f8fb5d4d044496,NAOSToken
747,0x554ffc77f4251a9fb3c0e3590a6a205f8d4e067d,0x554ffc77f4251a9fb3c0e3590a6a205f8d4e067d,ZmineToken
748,0x9b99cca871be05119b2012fd4474731dd653febe,0x9b99cca871be05119b2012fd4474731dd653febe,__AdminUpgradeabilityProductProxy__
749,0x7d3cb11f8c13730c24d01826d8f2005f0e1b348f,0x7d3cb11f8c13730c24d01826d8f2005f0e1b348f,COS
750,0x6b193e107a773967bd821bcf8218f3548cfa2503,0x1af79fb7772ebafebcfd5cc79e67281a814ccb1d,PossContract
751,0xd07d9fe2d2cc067015e2b4917d24933804f42cfa,0xd07d9fe2d2cc067015e2b4917d24933804f42cfa,TolarToken
752,0xc48b4814faed1ccc885dd6fde62a6474aecbb19a,0xc48b4814faed1ccc885dd6fde62a6474aecbb19a,CoinMerge
754,0xe1c7e30c42c24582888c758984f6e382096786bd,0x2adba23cf1252de095aced801e758b369ec10426,Curate
755,0x96a65609a7b84e8842732deb08f56c3e21ac6f8a,0x96a65609a7b84e8842732deb08f56c3e21ac6f8a,CentraToken
756,0xb97048628db6b661d4c2aa833e95dbe1a905b280,0xb97048628db6b661d4c2aa833e95dbe1a905b280,PayToken
757,0x29cbd0510eec0327992cd6006e63f9fa8e7f33b7,0x29cbd0510eec0327992cd6006e63f9fa8e7f33b7,TidalToken
758,0x7f3edcdd180dbe4819bd98fee8929b5cedb3adeb,0x768be5c3ec558c16b10bd35d4b3e3800b7032ea2,XTKProxy
759,0xcd2828fc4d8e8a0ede91bb38cf64b1a81de65bf6,0xcd2828fc4d8e8a0ede91bb38cf64b1a81de65bf6,OddzToken
760,0xfb782396c9b20e564a64896181c7ac8d8979d5f4,0xfb782396c9b20e564a64896181c7ac8d8979d5f4,Diver
761,0xf8b358b3397a8ea5464f8cc753645d42e14b79ea,0xf8b358b3397a8ea5464f8cc753645d42e14b79ea,ABL
763,0xa44e5137293e855b1b7bc7e2c6f8cd796ffcb037,0xa44e5137293e855b1b7bc7e2c6f8cd796ffcb037,Sentinel
766,0xe7f58a92476056627f9fdb92286778abd83b285f,0xe540204af3a5d77419552b35aead5453a477a7da,
767,0xe1d7c7a4596b038ced2a84bf65b8647271c53208,0xe1d7c7a4596b038ced2a84bf65b8647271c53208,NFTY
768,0xaf9f549774ecedbd0966c52f250acc548d3f36e5,0xaf9f549774ecedbd0966c52f250acc548d3f36e5,RFuelToken
770,0xc741f06082aa47f93729070ad0dd95e223bda091,0xc741f06082aa47f93729070ad0dd95e223bda091,LeduToken
771,0xedd7c94fd7b4971b916d15067bc454b9e1bad980,0xedd7c94fd7b4971b916d15067bc454b9e1bad980,ZipToken
772,0xe7ae6d0c56cacaf007b7e4d312f9af686a9e9a04,0xe653b0b466261500fb01d1f2387da7c3f66f6f7e,Vabble
773,0x4c2e59d098df7b6cbae0848d66de2f8a4889b9c3,0x4c2e59d098df7b6cbae0848d66de2f8a4889b9c3,FodlToken
774,0xdd16ec0f66e54d453e6756713e533355989040e4,0xdd16ec0f66e54d453e6756713e533355989040e4,TenToken
775,0xa41f142b6eb2b164f8164cae0716892ce02f311f,0x655f54118f831d5cb13a809c2c4b29c2365500d6,AvocadoDAOToken
776,0x2ba8349123de45e931a8c8264c332e6e9cf593f9,0xe81a45439ff9bc5841202ce4b2049e578f8771d9,
777,0xbbff34e47e559ef680067a6b1c980639eeb64d24,0xbbff34e47e559ef680067a6b1c980639eeb64d24,L2
778,0xd4fa1460f537bb9085d22c7bccb5dd450ef28e3a,0xd4fa1460f537bb9085d22c7bccb5dd450ef28e3a,BurnableCrowdsaleToken
779,0x0e69d0a2bbb30abcb7e5cfea0e4fde19c00a8d47,0x0e69d0a2bbb30abcb7e5cfea0e4fde19c00a8d47,IOVToken
780,0x4f3afec4e5a3f2a6a1a411def7d7dfe50ee057bf,0x4f3afec4e5a3f2a6a1a411def7d7dfe50ee057bf,Token
781,0x8b3870df408ff4d7c3a26df852d41034eda11d81,0x8b3870df408ff4d7c3a26df852d41034eda11d81,IOI
782,0xdf347911910b6c9a4286ba8e2ee5ea4a39eb2134,0xdf347911910b6c9a4286ba8e2ee5ea4a39eb2134,BOBToken
783,0x0aee8703d34dd9ae107386d3eff22ae75dd616d1,0x0aee8703d34dd9ae107386d3eff22ae75dd616d1,Token
784,0xca0e7269600d353f70b14ad118a49575455c0f2f,0x0df25e82f835bca5dfaf34050761fcfea0eaafa7,AMLToken
785,0x6781a0f84c7e9e846dcb84a9a5bd49333067b104,0xe1ba48616d22a1853c8a012a6f029497ba940f56,ZapToken
786,0x3d6f0dea3ac3c607b3998e6ce14b6350721752d9,0x3d6f0dea3ac3c607b3998e6ce14b6350721752d9,Cards
788,0x08711d3b02c8758f2fb3ab4e80228418a7f8e39c,0x08711d3b02c8758f2fb3ab4e80228418a7f8e39c,EdgelessToken
789,0x2f4eb47a1b1f4488c71fc10e39a4aa56af33dd49,0x2f4eb47a1b1f4488c71fc10e39a4aa56af33dd49,UNCL
790,0x24c19f7101c1731b85f1127eaa0407732e36ecdd,0x24c19f7101c1731b85f1127eaa0407732e36ecdd,SGTv2
791,0x83e9f223e1edb3486f876ee888d76bfba26c475a,0x45beac12eefb621479a669262591986d963a0cfe,BlockchainSpaceToken
792,0xf0ee6b27b759c9893ce4f094b49ad28fd15a23e4,0xf0ee6b27b759c9893ce4f094b49ad28fd15a23e4,EnigmaToken
793,0xb6ed7644c69416d67b522e20bc294a9a9b405b31,0xb6ed7644c69416d67b522e20bc294a9a9b405b31,_0xBitcoinToken
795,0x51db5ad35c671a87207d88fc11d593ac0c8415bd,0x51db5ad35c671a87207d88fc11d593ac0c8415bd,MoedaToken
797,0x6e9730ecffbed43fd876a264c982e254ef05a0de,0x6e9730ecffbed43fd876a264c982e254ef05a0de,NordToken
798,0x3c8d2fce49906e11e71cb16fa0ffeb2b16c29638,0x3c8d2fce49906e11e71cb16fa0ffeb2b16c29638,NFTLToken
801,0x5f0e628b693018f639d10e4a4f59bd4d8b2b6b44,0x97a42154b194d1b6d4d5046f744e627ad6d7af4d,Whiteheart
802,0x9f7229af0c4b9740e207ea283b9094983f78ba04,0x9f7229af0c4b9740e207ea283b9094983f78ba04,Tad
803,0xd502f487e1841fdc805130e13eae80c61186bc98,0xd502f487e1841fdc805130e13eae80c61186bc98,IntegralToken
804,0xf970b8e36e23f7fc3fd752eea86f8be8d83375a6,0xf970b8e36e23f7fc3fd752eea86f8be8d83375a6,RCNToken
805,0x8ae4bf2c33a8e667de34b54938b0ccd03eb8cc06,0x8ae4bf2c33a8e667de34b54938b0ccd03eb8cc06,CrowdsaleToken
806,0x155ff1a85f440ee0a382ea949f24ce4e0b751c65,0x155ff1a85f440ee0a382ea949f24ce4e0b751c65,Eye
807,0x5218e472cfcfe0b64a064f055b43b4cdc9efd3a6,0xbe2cb098709145e896d5786d25c86a9d804c8854,UnFederalReserveToken
808,0xc55c2175e90a46602fd42e931f62b3acc1a013ca,0xadbd1fcd8b1644e3d3dd06664ff55d5fcae244d7,Stars
809,0xd567b5f02b9073ad3a982a099a23bf019ff11d1c,0xcbe40c0efe2c40fab7018e6d901ad1b97712426f,GameCoin
810,0xcbcc0f036ed4788f63fc0fee32873d6a7487b908,0xcbcc0f036ed4788f63fc0fee32873d6a7487b908,HumaniqToken
811,0xfae4ee59cdd86e3be9e8b90b53aa866327d7c090,0x149a23f3d1a1e61e1e3b7eddd27f32e01f9788c7,TokenERC20
812,0x68d57c9a1c35f63e2c83ee8e49a64e9d70528d25,0xbc49970f15dc12e003c3d10a8604a5373cf79ac3,SirinSmartToken
813,0x5eeaa2dcb23056f4e8654a349e57ebe5e76b5e6e,0x5eeaa2dcb23056f4e8654a349e57ebe5e76b5e6e,Token
814,0x78b7fada55a64dd895d8c8c35779dd8b67fa8a05,0x78b7fada55a64dd895d8c8c35779dd8b67fa8a05,ATL
815,0xcd7492db29e2ab436e819b249452ee1bbdf52214,0xfad45e47083e4607302aa43c65fb3106f1cd7607,SMI
816,0xfeea0bdd3d07eb6fe305938878c0cadbfa169042,0xfeea0bdd3d07eb6fe305938878c0cadbfa169042,EightPayToken
817,0xf9c53268e9de692ae1b2ea5216e24e1c3ad7cb1e,0xf9c53268e9de692ae1b2ea5216e24e1c3ad7cb1e,IDO
818,0xf063fe1ab7a291c5d06a86e14730b00bf24cb589,0x612685828926ccb43b63bc46ad6d3b97e0eab69d,MainToken
819,0xe692c8d72bd4ac7764090d54842a305546dd1de5,0xe692c8d72bd4ac7764090d54842a305546dd1de5,BlockSwapAssetV2
820,0xd0660cd418a64a1d44e9214ad8e459324d8157f1,0xd0660cd418a64a1d44e9214ad8e459324d8157f1,Vyper_contract
821,0x687174f8c49ceb7729d925c3a961507ea4ac7b28,0x687174f8c49ceb7729d925c3a961507ea4ac7b28,GATTokenSale
822,0x1735db6ab5baa19ea55d0adceed7bcdc008b3136,0x1735db6ab5baa19ea55d0adceed7bcdc008b3136,URQAToken
823,0x8e0fe2947752be0d5acf73aae77362daf79cb379,0x8e0fe2947752be0d5acf73aae77362daf79cb379,Token
824,0x0cdf9acd87e940837ff21bb40c9fd55f68bba059,0x0cdf9acd87e940837ff21bb40c9fd55f68bba059,MintToken
825,0x68aa3f232da9bdc2343465545794ef3eea5209bd,0x68aa3f232da9bdc2343465545794ef3eea5209bd,MSP
826,0x8c6fa66c21ae3fc435790e451946a9ea82e6e523,0x8c6fa66c21ae3fc435790e451946a9ea82e6e523,MetaFabric
827,0x8bbe1a2961b41340468d0548c2cd5b7dfa9b684c,0x8bbe1a2961b41340468d0548c2cd5b7dfa9b684c,HandyToken
829,0x009c43b42aefac590c719e971020575974122803,0x009c43b42aefac590c719e971020575974122803,BIXToken
830,0x798d1be841a82a273720ce31c822c61a67a601c3,0xe1406825186d63980fd6e2ec61888f7b91c4bae4,
831,0x48c276e8d03813224bb1e55f953adb6d02fd3e02,0x48c276e8d03813224bb1e55f953adb6d02fd3e02,KumaTokenV2
832,0xaecc217a749c2405b5ebc9857a16d58bdc1c367f,0xaecc217a749c2405b5ebc9857a16d58bdc1c367f,Pawthereum
833,0x9ed8e7c9604790f7ec589f99b94361d8aab64e5e,0x9ed8e7c9604790f7ec589f99b94361d8aab64e5e,Token
834,0x4674a4f24c5f63d53f22490fb3a08eaaad739ff8,0x4674a4f24c5f63d53f22490fb3a08eaaad739ff8,BrokoliToken
836,0x8db1d28ee0d822367af8d220c0dc7cb6fe9dc442,0x8db1d28ee0d822367af8d220c0dc7cb6fe9dc442,TransparentUpgradeableProxy
837,0xa0cf46eb152656c7090e769916eb44a138aaa406,0xa0cf46eb152656c7090e769916eb44a138aaa406,SpheroidToken
838,0x9ab165d795019b6d8b3e971dda91071421305e5a,0xb9469430eabcbfa77005cd3ad4276ce96bd221e3,
840,0xcaaa93712bdac37f736c323c93d4d5fdefcc31cc,0xcaaa93712bdac37f736c323c93d4d5fdefcc31cc,CRDToken
841,0xb26631c6dda06ad89b93c71400d25692de89c068,0xb26631c6dda06ad89b93c71400d25692de89c068,MindsToken
842,0xfc05987bd2be489accf0f509e44b0145d68240f7,0x1fc3db544c4d4dd09f7a0524f3c64c9d0ac2abac,ESSENTIA
843,0x0e22734e078d6e399bcee40a549db591c4ea46cb,0x0e22734e078d6e399bcee40a549db591c4ea46cb,Streamity
844,0xddf7fd345d54ff4b40079579d4c4670415dbfd0a,0xddf7fd345d54ff4b40079579d4c4670415dbfd0a,SocialGoodToken
845,0xe8663a64a96169ff4d95b4299e7ae9a76b905b31,0xe8663a64a96169ff4d95b4299e7ae9a76b905b31,RatingToken
846,0x69fa0fee221ad11012bab0fdb45d444d3d2ce71c,0x69fa0fee221ad11012bab0fdb45d444d3d2ce71c,XRUNE
847,0xeb986da994e4a118d5956b02d8b7c3c7ce373674,0xe540204af3a5d77419552b35aead5453a477a7da,
848,0x92e52a1a235d9a103d970901066ce910aacefd37,0x0c27eb966fea5f8752bfee51e11db2c301a8cd87,UCASH
850,0x6b1a8f210ec6b7b6643cea3583fb0c079f367898,0x6b1a8f210ec6b7b6643cea3583fb0c079f367898,BXXToken
851,0xad32a8e6220741182940c5abf610bde99e737b2d,0xd017d2403d779a31e1fa2261e0d3997bcacad851,
852,0x888888888889c00c67689029d7856aac1065ec11,0x888888888889c00c67689029d7856aac1065ec11,OpiumToken
853,0x0ada190c81b814548ddc2f6adc4a689ce7c1fe73,0x0ada190c81b814548ddc2f6adc4a689ce7c1fe73,YaxisToken
854,0x9f7fc686cfd64aa5ae15b351d03071e91533094b,0x913d8adf7ce6986a8cbfee5a54725d9eea4f0729,TraceNetworkToken
855,0x7815bda662050d84718b988735218cffd32f75ea,0x7815bda662050d84718b988735218cffd32f75ea,YELToken
856,0xffe02ee4c69edf1b340fcad64fbd6b37a7b9e265,0xffe02ee4c69edf1b340fcad64fbd6b37a7b9e265,NANJCOIN
857,0x103c3a209da59d3e7c4a89307e66521e081cfdf0,0x103c3a209da59d3e7c4a89307e66521e081cfdf0,GVToken
858,0xea54c81fe0f72de8e86b6dc78a9271aa3925e3b5,0x3aeae69c196d8db9a35b39c51d7cac00643ec7f1,BGGToken
859,0x377d552914e7a104bc22b4f3b6268ddc69615be7,0x377d552914e7a104bc22b4f3b6268ddc69615be7,NEXTToken
860,0xf04a8ac553fcedb5ba99a64799155826c136b0be,0x9a2ba0ca74d505e5d7a853433eb01910dc628f40,
861,0x1c48f86ae57291f7686349f12601910bd8d470bb,0x75231f58b43240c9718dd58b4967c5114342a86c,OwnedUpgradeabilityProxy
862,0x10be9a8dae441d276a5027936c3aaded2d82bc15,0x10be9a8dae441d276a5027936c3aaded2d82bc15,UniMex
863,0x0e29e5abbb5fd88e28b2d355774e73bd47de3bcd,0x0e29e5abbb5fd88e28b2d355774e73bd47de3bcd,Hakka
864,0x30f271c9e86d2b7d00a6376cd96a1cfbd5f0b9b3,0x17cc25d130dc9fb6c7b358dc46af9549c57dc20d,Decentr
865,0xe477292f1b3268687a29376116b0ed27a9c76170,0xe477292f1b3268687a29376116b0ed27a9c76170,HeroCoin
866,0xe530441f4f73bdb6dc2fa5af7c3fc5fd551ec838,0x0c04eb2cb33736282fccbe0c0dc7846dd0dd1d17,GSENetwork
867,0xbf8fb919a8bbf28e590852aef2d284494ebc0657,0xbf8fb919a8bbf28e590852aef2d284494ebc0657,AbccCoinToken
868,0xdd94842c15abfe4c9bafe4222ade02896beb064c,0xdd94842c15abfe4c9bafe4222ade02896beb064c,WGP
869,0x6c936d4ae98e6d2172db18c16c4b601c99918ee6,0x6c936d4ae98e6d2172db18c16c4b601c99918ee6,LifeToken
870,0x13119e34e140097a507b07a5564bde1bc375d9e6,0x0a54468c18bce768876b00cdc82c3164afc74e05,InitialMTTokenIMT
871,0x8a1e3930fde1f151471c368fdbb39f3f63a65b55,0x8a1e3930fde1f151471c368fdbb39f3f63a65b55,BEZOP
872,0xc1f976b91217e240885536af8b63bc8b5269a9be,0xc1f976b91217e240885536af8b63bc8b5269a9be,PIN
874,0x196f4727526ea7fb1e17b2071b3d8eaa38486988,0x196f4727526ea7fb1e17b2071b3d8eaa38486988,Reserve
876,0x5d65d971895edc438f465c17db6992698a52318d,0x5d65d971895edc438f465c17db6992698a52318d,NebulasToken
877,0xdc5864ede28bd4405aa04d93e05a0531797d9d59,0xd8062c267dd196b5e500a99ead7f50592f323e51,Falcon
879,0x32d74896f05204d1b6ae7b0a3cebd7fc0cd8f9c7,0x32d74896f05204d1b6ae7b0a3cebd7fc0cd8f9c7,KcashToken
880,0x8f0921f30555624143d427b340b1156914882c10,0x8f0921f30555624143d427b340b1156914882c10,FypToken
881,0x846c66cf71c43f80403b51fe3906b3599d63336f,0xa5c6a142448f44e35393777c4715c11fe3bda433,PumaPayToken
882,0xea097a2b1db00627b2fa17460ad260c016016977,0x9839a9ab98150d257667b871ea3be4cb988ce7b7,CrowdsaleTokenExt
883,0x0a50c93c762fdd6e56d86215c24aaad43ab629aa,0x0a50c93c762fdd6e56d86215c24aaad43ab629aa,NewLGO
884,0xc27a2f05fa577a83ba0fdb4c38443c0718356501,0xc27a2f05fa577a83ba0fdb4c38443c0718356501,LamdenTau
885,0x558ec3152e2eb2174905cd19aea4e34a23de9ad6,0xd8a83ae49d655821b67ec278693f20e9d69e3350,BRDToken
886,0x6710c63432a2de02954fc0f851db07146a6c0312,0xa039369062636605761d2a6cedd9703862109f84,SyncFab
887,0x4f640f2529ee0cf119a2881485845fa8e61a782a,0xe540204af3a5d77419552b35aead5453a477a7da,
888,0xcdeee767bed58c5325f68500115d4b722b3724ee,0x9e98ea589f8b3bb33351034a77ce96cc31b894e0,CARBON
889,0x255aa6df07540cb5d3d297f0d0d4d84cb52bc8e6,0xf319b117daaef65aaa86e52184dff52be3f9b47c,RaidenToken
891,0x0f7f961648ae6db43c75663ac7e5414eb79b5704,0x0f7f961648ae6db43c75663ac7e5414eb79b5704,BOMBXToken
892,0x00aba6fe5557de1a1d565658cbddddf7c710a1eb,0x85352bb3529ed9b4c6731bb2d27aeea56d876d0d,
894,0xf34b1db61aca1a371fe97bad2606c9f534fb9d7d,0xf34b1db61aca1a371fe97bad2606c9f534fb9d7d,RBIS
895,0x1f8a626883d7724dbd59ef51cbd4bf1cf2016d13,0x1f8a626883d7724dbd59ef51cbd4bf1cf2016d13,Jigstack
897,0xea3983fc6d0fbbc41fb6f6091f68f3e08894dc06,0xea3983fc6d0fbbc41fb6f6091f68f3e08894dc06,UnidoDistribution
898,0x28b5e12cce51f15594b0b91d5b5adaa70f684a02,0x28b5e12cce51f15594b0b91d5b5adaa70f684a02,NapoleonXToken
899,0xa0bed124a09ac2bd941b10349d8d224fe3c955eb,0xa0bed124a09ac2bd941b10349d8d224fe3c955eb,DEPAY
900,0x78a2a1029e3168b49d3a276c787050ff5106dcf2,0x78a2a1029e3168b49d3a276c787050ff5106dcf2,Ezoow
901,0xdf49c9f599a0a9049d97cff34d0c30e468987389,0xdf49c9f599a0a9049d97cff34d0c30e468987389,SaTT
902,0x3505f494c3f0fed0b594e01fa41dd3967645ca39,0x3505f494c3f0fed0b594e01fa41dd3967645ca39,SwarmToken
903,0x3ec8798b81485a254928b70cda1cf0a2bb0b74d7,0x3ec8798b81485a254928b70cda1cf0a2bb0b74d7,GROToken
904,0xf680429328caaacabee69b7a9fdb21a71419c063,0x08130635368aa28b217a4dfb68e1bf8dc525621c,
905,0xff19138b039d938db46bdda0067dc4ba132ec71c,0xff19138b039d938db46bdda0067dc4ba132ec71c,Snetwork
906,0x0ae055097c6d159879521c384f1d2123d1f195e6,0xb9c239eb5702a7bf3a496207ea5a32b6a690a4ca,
907,0x44f262622248027f8e2a8fb1090c4cf85072392c,0x58f056e5927f5c3b644b0b2c0d282fb6c58f11b9,
908,0x13c2fab6354d3790d8ece4f0f1a3280b4a25ad96,0x13c2fab6354d3790d8ece4f0f1a3280b4a25ad96,PhiToken
909,0xa5ef74068d04ba0809b7379dd76af5ce34ab7c57,0x91ca1d9624084c113d295f2a87fe9cf321fe8dc1,TokenMintERC20Token
910,0x4bbbc57af270138ef2ff2c50dbfad684e9e0e604,0x4bbbc57af270138ef2ff2c50dbfad684e9e0e604,WABnetwork
911,0xd7f0cc50ad69408ae58be033f4f85d2367c2e468,0xcd1faff6e578fa5cac469d2418c95671ba1a62fe,VeraDefi
912,0x80ce3027a70e0a928d9268994e9b85d03bd4cdcf,0xe9451142a3b561f327b8d93e6d4e213e098e9ea3,
913,0x24e3794605c84e580eea4972738d633e8a7127c8,0x24e3794605c84e580eea4972738d633e8a7127c8,KtlyoERC20
914,0x0947b0e6d821378805c9598291385ce7c791a6b2,0x0947b0e6d821378805c9598291385ce7c791a6b2,LendingBlockToken
915,0xe469c4473af82217b30cf17b10bcdb6c8c796e75,0xd8912c10681d8b21fd3742244f44658dba12264e,
916,0x2ccbff3a042c68716ed2a2cb0c544a9f1d1935e1,0xaa72c1ec95d1e0e9c803e25e0d8a2cddcf5b0302,DMToken
917,0x2e7b0d4f9b2eaf782ed3d160e3a0a4b1a7930ada,0x519c1001d550c0a1dae7d1fc220f7d14c2a521bb,
918,0x3d1ba9be9f66b8ee101911bc36d3fb562eac2244,0xd4fa1460f537bb9085d22c7bccb5dd450ef28e3a,BurnableCrowdsaleToken
921,0x7d4b8cce0591c9044a22ee543533b72e976e36c3,0xa4e9ad64d2c89f96da37d00b856053d44bfa7986,ChangeCoin
922,0x910dfc18d6ea3d6a7124a6f8b5458f281060fa4c,0x910dfc18d6ea3d6a7124a6f8b5458f281060fa4c,X8XToken
924,0x01597e397605bf280674bf292623460b4204c375,0x01597e397605bf280674bf292623460b4204c375,BentToken
925,0x6ec8a24cabdc339a06a172f8223ea557055adaa5,0x6ec8a24cabdc339a06a172f8223ea557055adaa5,GNX
926,0x2e1e15c44ffe4df6a0cb7371cd00d5028e571d14,0x2e1e15c44ffe4df6a0cb7371cd00d5028e571d14,MetalX
927,0x9af839687f6c94542ac5ece2e317daae355493a1,0x523a4d2e260ee6230b4a99f1c74833e0aca94178,HydroToken
928,0x999967e2ec8a74b7c8e9db19e039d920b31d39d0,0x999967e2ec8a74b7c8e9db19e039d920b31d39d0,TieToken
929,0xaf691508ba57d416f895e32a1616da1024e882d2,0xaf691508ba57d416f895e32a1616da1024e882d2,PinknodeToken
930,0x4092678e4e78230f46a1534c0fbc8fa39780892b,0x4092678e4e78230f46a1534c0fbc8fa39780892b,OCoin
931,0xa150db9b1fa65b44799d4dd949d922c0a33ee606,0xfd341667401892f0a2f385d29713a3200ef9ee49,DigitalReserveCurrency
932,0xc36b4311b21fc0c2ead46f1ea6ce97c9c4d98d3d,0xe540204af3a5d77419552b35aead5453a477a7da,
933,0x9040e237c3bf18347bb00957dc22167d0f2b999d,0x9040e237c3bf18347bb00957dc22167d0f2b999d,Standard
934,0xd0d6d6c5fe4a677d343cc433536bb717bae167dd,0x4ffc3a02783e419dbc2ab71b953ede1d72350937,
935,0x0f8c45b896784a1e408526b9300519ef8660209c,0x0f8c45b896784a1e408526b9300519ef8660209c,XmxToken
936,0x048fe49be32adfc9ed68c37d32b5ec9df17b3603,0x94e118352fd7cb9ada6d369dfca345d7dc9dcf99,SkrumbleToken
937,0xb0e1fc65c1a741b4662b813eb787d369b8614af1,0xa68779fe876360b9dd65e0582c4c4c51e0d6f1ae,ImpossibleFinance
938,0xc813ea5e3b48bebeedb796ab42a30c5599b01740,0xf220af718a8d13cce7f5a466722f2b5857cd4215,Token
939,0x2c4e8f2d746113d0696ce89b35f0d8bf88e0aeca,0x2c4e8f2d746113d0696ce89b35f0d8bf88e0aeca,SimpleToken
940,0xf3db5fa2c66b7af3eb0c0b782510816cbe4813b8,0x6e74216fc9ec901c8e0d3fd8acf237e6a2f85413,EVXToken
941,0x37e8789bb9996cac9156cd5f5fd32599e6b91289,0x90312969783367bee9e3d1da6288be6eb5b4e0ec,AidCoin
942,0x3136ef851592acf49ca4c825131e364170fa32b3,0x3136ef851592acf49ca4c825131e364170fa32b3,CoinFiToken
943,0x8716fc5da009d3a208f0178b637a50f4ef42400f,0x8716fc5da009d3a208f0178b637a50f4ef42400f,Ustock
945,0xd82df0abd3f51425eb15ef7580fda55727875f14,0x0e973e3f25eea2d43919436e59744e7ed993ad9c,
946,0x2bba3cf6de6058cc1b4457ce00deb359e2703d7f,0x61402276c74c1def19818213dfab2fdd02361238,HashCoin
948,0x3a1bda28adb5b0a812a7cf10a1950c920f79bcd3,0x3a1bda28adb5b0a812a7cf10a1950c920f79bcd3,FlipToken
949,0x41dbecc1cdc5517c6f76f6a6e836adbee2754de3,0xfb2a61c6da801aca637e0a8fb459ce22f5c241f9,MtnToken
950,0xbebdab6da046bc49ffbb61fbd7b33157eb270d05,0xbebdab6da046bc49ffbb61fbd7b33157eb270d05,Shard
951,0x62dc4817588d53a056cbbd18231d91ffccd34b2a,0x62dc4817588d53a056cbbd18231d91ffccd34b2a,DHVToken
952,0xd49ff13661451313ca1553fd6954bd1d9b6e02b9,0xd49ff13661451313ca1553fd6954bd1d9b6e02b9,ElecTokenSmartContract
953,0x035df12e0f3ac6671126525f1015e47d79dfeddf,0xeca2967b2a2cc584495b2226372bc0dde481f857,_0xMoneroToken
954,0xaec2e87e0a235266d9c5adc9deb4b2e29b54d009,0xaec2e87e0a235266d9c5adc9deb4b2e29b54d009,SingularDTVToken
955,0x4824a7b64e3966b0133f4f4ffb1b9d6beb75fff7,0x4824a7b64e3966b0133f4f4ffb1b9d6beb75fff7,TCTToken
956,0x55a290f08bb4cae8dcf1ea5635a3fcfd4da60456,0x61ab6033999fd2de9c0833a6a32f0c17269dc7d4,BITTO
957,0x5d48f293baed247a2d0189058ba37aa238bd4725,0x5d48f293baed247a2d0189058ba37aa238bd4725,NeuroChainClausius
959,0x7dee45dff03ec7137979586ca20a2f4917bac9fa,0x7dee45dff03ec7137979586ca20a2f4917bac9fa,DeFiWizardToken
960,0x4cf488387f035ff08c371515562cba712f9015d4,0x4cf488387f035ff08c371515562cba712f9015d4,WPR
961,0x15bda08c3afbf5955d6e9b235fd55a1fd0dbc829,0x15bda08c3afbf5955d6e9b235fd55a1fd0dbc829,AlphacoinCoin
962,0xe8ff5c9c75deb346acac493c463c8950be03dfba,0xe8ff5c9c75deb346acac493c463c8950be03dfba,VibeCoin
963,0x50bc2ecc0bfdf5666640048038c1aba7b7525683,0x50bc2ecc0bfdf5666640048038c1aba7b7525683,cVToken
964,0x3ebb4a4e91ad83be51f8d596533818b246f4bee1,0x3ebb4a4e91ad83be51f8d596533818b246f4bee1,SATAToken
965,0x006bea43baa3f7a6f765f14f10a1a1b08334ef45,0x970d48531bd6da34dfa5f867c3bc0afe17c0c4dd,StoxSmartToken
966,0x40395044ac3c0c57051906da938b54bd6557f212,0x40395044ac3c0c57051906da938b54bd6557f212,MobileGoToken
967,0x8d5682941ce456900b12d47ac06a88b47c764ce1,0x524897c10d0a39d0cb1d1399557aee3de6a2f421,MeshToken
968,0x4ee438be38f8682abb089f2bfea48851c5e71eaf,0x4ee438be38f8682abb089f2bfea48851c5e71eaf,YAEToken
969,0xea38eaa3c86c8f9b751533ba2e562deb9acded40,0xea38eaa3c86c8f9b751533ba2e562deb9acded40,FuelToken
970,0x9b4e2b4b13d125238aa0480dd42b4f6fc71b37cc,0xf47141460a86dee6e13dcd904ff9b144e3eb6ad2,ERC20Token
971,0xfe5f141bf94fe84bc28ded0ab966c16b17490657,0x198a87b3114143913d4229fb0f6d4bcb44aa8aff,LibraToken
972,0x3449fc1cd036255ba1eb19d65ff4ba2b8903a69a,0x3449fc1cd036255ba1eb19d65ff4ba2b8903a69a,Cash
973,0x001a8ffcb0f03e99141652ebcdecdb0384e3bd6c,0x001a8ffcb0f03e99141652ebcdecdb0384e3bd6c,Polker
974,0x539efe69bcdd21a83efd9122571a64cc25e0282b,0x539efe69bcdd21a83efd9122571a64cc25e0282b,BLUECoin
975,0x36905fc93280f52362a1cbab151f25dc46742fb5,0x36905fc93280f52362a1cbab151f25dc46742fb5,BTOToken
976,0xfe76be9cec465ed3219a9972c21655d57d21aec6,0x6f259637dcd74c767781e37bc6133cd6a68aa161,PalletOneToken
977,0x69beab403438253f13b6e92db91f7fb849258263,0x69beab403438253f13b6e92db91f7fb849258263,NeuroToken
978,0x33e07f5055173cf8febede8b21b12d1e2b523205,0x33e07f5055173cf8febede8b21b12d1e2b523205,Proxy
979,0x6bba316c48b49bd1eac44573c5c871ff02958469,0x6bba316c48b49bd1eac44573c5c871ff02958469,GasDaoToken
980,0x5adc961d6ac3f7062d2ea45fefb8d8167d44b190,0x5adc961d6ac3f7062d2ea45fefb8d8167d44b190,DetherToken
981,0xb9e7f8568e08d5659f5d29c4997173d84cdf2607,0x58f9ee4e1a804d4ec04d2ee0710a824188c134ea,
982,0x89020f0d5c5af4f3407eb5fe185416c457b0e93e,0x89020f0d5c5af4f3407eb5fe185416c457b0e93e,MyToken
983,0xc0eb85285d83217cd7c891702bcbc0fc401e2d9d,0xc0eb85285d83217cd7c891702bcbc0fc401e2d9d,HVNToken
984,0xa823e6722006afe99e91c30ff5295052fe6b8e32,0xa823e6722006afe99e91c30ff5295052fe6b8e32,Neumark
985,0xbc647aad10114b89564c0a7aabe542bd0cf2c5af,0x8130304f28d7ebc80c2ac0381b157a687989efb4,
986,0x7995ab36bb307afa6a683c24a25d90dc1ea83566,0x7995ab36bb307afa6a683c24a25d90dc1ea83566,HitToken
987,0x4a8f5f96d5436e43112c2fbc6a9f70da9e4e16d4,0x4a8f5f96d5436e43112c2fbc6a9f70da9e4e16d4,Internxt
988,0xc0f9bd5fa5698b6505f643900ffa515ea5df54a9,0xc0f9bd5fa5698b6505f643900ffa515ea5df54a9,Token
989,0xb5dbc6d3cf380079df3b27135664b6bcf45d1869,0xaaaebe6fe48e54f431b0c390cfaf0b017d09d42d,OmixToken
990,0x499a6b77bc25c26bcf8265e2102b1b3dd1617024,0x499a6b77bc25c26bcf8265e2102b1b3dd1617024,Bitether
991,0x63f584fa56e60e4d0fe8802b27c7e6e3b33e007f,0x63f584fa56e60e4d0fe8802b27c7e6e3b33e007f,BOXToken
992,0xff75ced57419bcaebe5f05254983b013b0646ef5,0xe1406825186d63980fd6e2ec61888f7b91c4bae4,
993,0x459086f2376525bdceba5bdda135e4e9d3fef5bf,0x398ec7346dcd622edc5ae82352f02be94c62d119,RenBCH
994,0x943ed852dadb5c3938ecdc6883718df8142de4c8,0x0cf713b11c9b986ec40d65bd4f7fbd50f6ff2d64,TokenERC20
995,0x1a7a8bd9106f2b8d977e08582dc7d24c723ab0db,0x1a7a8bd9106f2b8d977e08582dc7d24c723ab0db,AMLToken
997,0xf278c1ca969095ffddded020290cf8b5c424ace2,0x5f94b2e7bfd0b609fd6de93b6dec936f071a7bb0,RuffToken
998,0xf14922001a2fb8541a433905437ae954419c2439,0xf14922001a2fb8541a433905437ae954419c2439,InmediateToken
999,0x14c926f2290044b647e1bf2072e67b495eff1905,0x14c926f2290044b647e1bf2072e67b495eff1905,BethereumToken
1000,0xbd100d061e120b2c67a24453cf6368e63f1be056,0xbd100d061e120b2c67a24453cf6368e63f1be056,iDeFiYieldProtocol
