Contract Number,Contract Address
1,0xdac17f958d2ee523a2206206994597c13d831ec7
2,0xB8c77482e45F1F44dE1745F52C74426C631bDD52
3,0xa0b86991c6218b36c1d19d4a2e9eb0ce3606eb48
4,0xae7ab96520de3a18e5e111b5eaab095312d7fe84
5,0x50327c6c5a14dcade707abad2e27eb517df87ab5
6,0x7d1afa7b718fb893db30a3abc0cfc608aacfebb0
7,0x3883f5e181fccaf8410fa61e12b59bad963fb645
8,0x2260fac5e5542a773aa44fbcfedf7c193bc2c599
9,0x95aD61b0a150d79219dCF64E1E6Cc01f0B64C4cE
10,0x6b175474e89094c44da98b954eedeac495271d0f
11,0x4fabb145d64652a948d72533023f6e7a623c7c53
12,0x1f9840a85d5af5bf1d1762f925bdaddc4201f984
13,0x2af5d2ad76741191d15dfe7bf6ac92d4bd912ca3
14,0x514910771af9ca656af840dff83e8264ecf986ca
15,0x0000000000085d4780B73119b644AE5ecd22b376
16,0x75231f58b43240c9718dd58b4967c5114342a86c
17,0x582d872a1b094fc48f5de31d3b73f2d9be47def1
18,0x5a98fcbea516cf06857215779fd812ca3bef1b32
19,0x4a220e6096b25eadb88358cb44068a3248254675
20,0xa0b73e1ff0b80914ab6fe0444e65848c4c34450b
21,0xB50721BCf8d664c30412Cfbc6cf7a15145234ad1
22,0x85f17cf997934a597031b2e18a9ab6ebd4b9f6a4
23,0x2b591e99afe9f32eaa6214f7b7629768c40eeb39
24,0xd850942ef8811f2a866692a623011bde52a462c1
25,0xc944e90c64b2c07662a292be6244bdf05cda44a7
26,0x853d955acef822db058eb8505911ed77f175b99e
27,0x8e870d67f660d95d5be530380d0ec0bd388289e1
28,0xba3D9687Cf50fE253cd2e1cFeEdE1d6787344Ed5
29,0x4da27a545c0c5b758a6ba100e3a049001de870f5
30,0xae78736cd615f374d3085123a210448e74fc6393
31,0x4e15361fd6b4bb609fa63c81a2be19d873717870
32,0x4d224452801aced8b2f0aebe155379bb5d594381
33,0x3845badAde8e6dFF049820680d1F14bD3903a5d0
34,0xf57e7e7c23978c3caec3c3548e3d615c346e79ff
35,0x6de037ef9ad2725eb40118bb1702ebb27e4aeb24
36,0xd33526068d116ce69f19a9ee46f0bd304f21a51f
37,0x0C10bF8FcB7Bf5412187A595ab97a3609160b5c6
38,0x0f5d2fb29fb7d3cfee444a200298f468908cc942
39,0xfd09cf7cfffa9932e33668311c4777cb9db3c9be
40,0xc011a73ee8576fb46f5e1c5751ca3b9fe0af2a6f
41,0xf34960d9d60be18cc1d5afc1a6f012a723a28811
42,0x9f8f72aa9304c8b593d555f12ef6589cc3a579a2
43,0x6982508145454ce325ddbe47a25d4ec3d2311933
44,0xe28b3B32B6c345A34Ff64674606124Dd5Aceca30
45,0x1a4b46696b2bb4794eb3d4c26f1c55f9170fa4c5
46,0x056fd409e1d7a124bd7017459dfea2f387b6d5cd
47,0x4ddc2d193948926d02f9b1fe9e1daa0718270ed5
48,0x45804880De22913dAFE09f4980848ECE6EcbAf78
49,0x68749665ff8d2d112fa859aa293f07a622782f38
50,0xc669928185dbce49d2230cc9b0979be6dc797957
51,0x3432b6a60d23ca0dfca7761b7ab56459d9c964d0
52,0x5e8422345238f34275888049021821e8e08caa1f
53,0x6f259637dcd74c767781e37bc6133cd6a68aa161
54,0x3506424f91fd33084466f402d5d97f05f8e3b4af
55,0x4691937a7508860f876c9c0a2a617e7d9e945d4b
56,0xb62132e35a6c13ee1ee0f84dc5d40bad8d815206
57,0xd7c49cee7e9188cca6ad8ff264c1da2e69d4cf3b
58,0x92d6c1e31e14520e676a687f0a93788b716beff5
59,0x152649eA73beAb28c5b49B26eb48f7EAD6d4c898
60,0x39aa39c021dfbae8fac545936693ac917d5e7563
61,0x05f4a42e251f2d52b8ed15e9fedaacfcef1fad27
62,0x111111111117dc0aa78b770fa6a738034120c302
63,0xf629cbd94d3791c9250152bd8dfbdf380e2a3b9c
64,0x6810e776880c02933d47db1b9fc05908e5386b96
65,0xbbbbca6a901c926f240b89eacb641d8aec7aeafd
66,0x69af81e73a73b40adf4f3d4223cd9b1ece623074
67,0x0d8775f648430679a709e98d2b0cb6250d2887ef
68,0x5b7533812759b45c2b44c19e320ba2cd2681b542
69,0x4e3fbd56cd56c3e72c1403e103b45db9da5b9d2b
70,0xac3e018457b222d93114458476f3e3416abbe38f
71,0x0316EB71485b0Ab14103307bf65a021042c6d380
72,0xcf0c122c6b73ff809c693db761e7baebe62b6a2e
73,0x11eef04c884e24d9b7b4760e7476d06ddf797f36
74,0x767fe9edc9e0df98e07454847909b5e959d7ca0e
75,0x8fc8f8269ebca376d046ce292dc7eac40c8d358a
76,0xc00e94cb662c3520282e6f5717214004a7f26888
77,0x5283d291dbcf85356a21ba090e6db59121208b44
78,0x3103df8f05c4d8af16fd22ae63e406b97fec6938
79,0x6c6ee5e31d828de241282b9606c8e98ea48526e2
80,0xb63b606ac810a52cca15e44bb630fd42d8d1d83d
81,0xe452e6ea2ddeb012e20db73bf5d3863a3ac8d77a
82,0x5d3a536E4D6DbD6114cc1Ead35777bAB948E3643
83,0xe3c408BD53c31C085a1746AF401A4042954ff740
84,0xaea46A60368A7bD060eec7DF8CBa43b7EF41Ad85
85,0xc18360217d8f7ab5e7c516566761ea12ce7f9d72
86,0xC581b735A1688071A1746c968e0798D642EDE491
87,0x0bc529c00C6401aEF6D220BE8C6Ea1667F6Ad93e
88,0x8ce9137d39326ad0cd6491fb5cc0cba0e089b6a9
89,0xba100000625a3754423978a60c9317c58a424e3d
90,0x64aa3364f17a4d01c6f1751fd97c2bd3d7e7f1d5
91,0x6fb3e0a217407efff7ca062d46c26e5d60a14d69
92,0x7DD9c5Cba05E151C895FDe1CF355C9A1D5DA6429
93,0xf650c3d88d12db855b8bf7d11be6c55a4e07dcc9
94,0xe41d2489571d322189246dafa5ebde1f4699f498
95,0x799a4202c12ca952cb311598a024c80ed371a41e
96,0xfa1a856cfa3409cfa145fa4e20eb270df3eb21ab
97,0xba11d00c5f74255f56a5e366f4f77f5a186d7f55
98,0xa117000000f279d81a1d3cc75430faa017fa5a2e
99,0x39bb259f66e1c59d5abef88375979b4d20d98022
100,0xFe2e637202056d30016725477c5da089Ab0A043A
101,0x967da4048cD07aB37855c090aAF366e4ce1b9F48
102,0xc7283b66eb1eb5fb86327f08e1b5816b0720212b
103,0x26fb86579e371c7aedc461b2ddef0a8628c93d3b
104,0xdb25f211ab05b1c97d595516f45794528a807ad8
105,0x6b3595068778dd592e39a122f4f5a5cf09c90fe2
106,0x6123b0049f904d730db3c36a31167d9d4121fa6b
107,0x9d65ff81a3c488d585bbfb0bfe3c7707c7917f54
108,0x00c83aecc790e8a4453e5dd3b0b4b3680501a7a7
109,0x0f2d719407fdbeff09d87557abb7232601fd9f29
110,0x0f51bb10119727a7e5ea3538074fb341f56b09ad
111,0xbf2179859fc6d5bee9bf9158632dc51678a4100e
112,0xba9d4199fab4f26efe3551d490e3821486f135ba
113,0x0649cef6d11ed6f88535462e147304d3fe5ae14d
114,0x58b6a8a3302369daec383334672404ee733ab239
115,0x467719ad09025fcc6cf6f8311755809d45a5e5f3
116,0x177d39ac676ed1c67a2b268ad7f1e58826e5b0af
117,0xaf5191b0de278c7286d6c7cc6ab6bb8a73ba2cd6
118,0xff20817765cb7f73d4bde2e66e067e58d11095c2
119,0x320623b8e4ff03373931769a31fc52a4e78b5d70
120,0x04Fa0d235C4abf4BcF4787aF4CF447DE572eF828
121,0x9992ec3cf6a55b00978cddf2b27bc6882d88d1ec
122,0xed04915c23f00a313a544955524eb7dbd823143d
123,0xcb86c6a22cb56b6cf40cafedb06ba0df188a416e
124,0x467Bccd9d29f223BcE8043b84E8C8B282827790F
125,0xdeFA4e8a7bcBA345F687a2f1456F5Edd9CE97202
126,0x607F4C5BB672230e8672085532f7e901544a7375
127,0x761d38e5ddf6ccf6cf7c55759d5210750b5d60f3
128,0xaa7a9ca87d3694b5755f213b5d04094b8d0f0a6f
129,0x081f67afa0ccf8c7b17540767bbe95df2ba8d97f
130,0x839e71613f9aa06e5701cf6de63e303616b0dde3
131,0x4f9254c83eb525f9fcf346490bbb3ed28a81c667
132,0x8c15ef5b4b21951d50e53e4fbda8298ffad25057
133,0x0fd10b9899882a6f2fcb5c371e17e70fdee00c38
134,0xa1faa113cbe53436df28ff0aee54275c13b40975
135,0xd26114cd6EE289AccF82350c8d8487fedB8A0C07
136,0x2dfF88A56767223A5529eA5960Da7A3F5f766406
137,0x2a3bff78b79a009976eea096a51a948a3dc00e34
138,0x0b38210ea11411557c13457D4dA7dC6ea731B88a
139,0x744d70fdbe2ba4cf95131626614a1763df805b9e
140,0x198d14f2ad9ce69e76ea330b374de4957c3f850a
141,0x9e32b13ce7f2e80a01932b42553652e053d6ed8e
142,0x6dea81c8171d0ba574754ef6f8b412f2ed88c54d
143,0x3a4f40631a4f906c2BaD353Ed06De7A5D3fCb430
144,0x429D83Bb0DCB8cdd5311e34680ADC8B12070a07f
145,0x430EF9263E76DAE63c84292C3409D61c598E9682
146,0xE95A203B1a91a908F9B9CE46459d101078c2c3cb
147,0xF433089366899D83a9f26A773D59ec7eCF30355e
148,0x99d8a9c45b2eca8864373a26d1459e3dff1e17f3
149,0x5dc60C4D5e75D22588FA17fFEB90A63E535efCE0
150,0x3E9BC21C9b189C09dF3eF1B824798658d5011937
151,0xae12c5930881c53715b369cec7606b70d8eb229f
152,0x1776e1f26f98b1a5df9cd347953a26dd3cb46671
153,0x178c820f862b14f316509ec36b13123da19a6054
154,0x949d48eca67b17269629c7194f4b727d4ef9e5d6
155,0xde4EE8057785A7e8e800Db58F9784845A5C2Cbd6
156,0xEEF9f339514298C6A857EfCfC1A762aF84438dEE
157,0xac51066d7bec65dc4589368da368b212745d63e8
158,0x8A2279d4A90B6fe1C4B30fa660cC9f926797bAA2
159,0xfc82bb4ba86045af6f327323a46e80412b91b27d
160,0x3597bfd533a99c9aa083587b074434e61eb0a258
161,0xde7d85157d9714eadf595045cc12ca4a5f3e2adb
162,0x6b0b3a982b4634ac68dd83a4dbf02311ce324181
163,0xff56cc6b1e6ded347aa0b7676c85ab0b3d08b0fa
164,0xd417144312dbf50465b1c641d016962017ef6240
165,0xcc8fa225d80b9c7d42f96e9570156c65d6caaa25
166,0x579cea1889991f68acc35ff5c3dd0621ff29b0c9
167,0xba50933c268f567bdc86e1ac131be072c6b0b71a
168,0xde30da39c46104798bb5aa3fe8b9e0e1f348163f
169,0x808507121b80c02388fad14726482e061b8da827
170,0xa849eaae994fb86afa73382e9bd88c2b6b18dc71
171,0x0d438f3b5175bebc262bf23753c1e53d03432bde
172,0x04abeda201850ac0124161f037efd70c74ddc74c
173,0xd98f75b1a3261dab9eed4956c93f33749027a964
174,0xb3999f658c0391d94a37f7ff328f3fec942bcadc
175,0x7a58c0be72be218b41c608b7fe7c5bb630736c71
176,0xf6650117017ffd48b725b4ec5a00b414097108a7
177,0x70e8de73ce538da2beed35d14187f6959a8eca96
178,0x5cf04716ba20127f1e2297addcf4b5035000c9eb
179,0x57b946008913b82e4df85f501cbaed910e58d26c
180,0x85eee30c52b0b379b046fb0f85f4f3dc3009afec
181,0x595832f8fc6bf59c85c527fec3740a1b7a361269
182,0xfe3e6a25e6b192a42a44ecddcd13796471735acf
183,0x8f8221afbb33998d8584a2b05749ba73c37a938a
184,0xddb3422497e61e13543bea06989c0789117555c5
185,0x9aab071b4129b083b01cb5a0cb513ce7eca26fa5
186,0x15b7c0c907e4c6b9adaaaabc300c08991d6cea05
187,0x0c7D5ae016f806603CB1782bEa29AC69471CAb9c
188,0x6c5bA91642F10282b576d91922Ae6448C9d52f4E
189,0xea26c4ac16d4a5a106820bc8aee85fd0b7b2b664
190,0x1f573d6fb3f13d689ff844b4ce37794d79a7ff1c
191,0xbe1a001fe942f96eea22ba08783140b9dcc09d28
192,0x81f8f0bb1cb2a06649e51913a151f0e7ef6fa321
193,0x6468e79A80C0eaB0F9A2B574c8d5bC374Af59414
194,0x940a2db1b7008b6c776d4faaca729d6d4a4aa551
195,0x090185f2135308bad17527004364ebcc2d37e5f6
196,0x4e352cF164E64ADCBad318C3a1e222E9EBa4Ce42
197,0xf411903cbc70a74d22900a5de66a2dda66507255
198,0xfb7b4564402e5500db5bb6d63ae671302777c75a
199,0x221657776846890989a759ba2973e427dff5c9bb
200,0xa3ee21c306a700e682abcdfe9baa6a08f3820419
201,0xa3ee21c306a700e682abcdfe9baa6a08f3820419
202,0xaaaebe6fe48e54f431b0c390cfaf0b017d09d42d
203,0xd13c7342e1ef687c5ad21b27c2b65d772cab5c8c
204,0x037a54aab062628c9bbae1fdb1583c195585fe41
205,0x1aBaEA1f7C830bD89Acc67eC4af516284b1bC33c
206,0x4bd70556ae3f8a6ec6c4080a0c327b24325438f3
207,0x644192291cc835a93d6330b24ea5f5fedd0eef9e
208,0xb056c38f6b7dc4064367403e26424cd2c60655e1
209,0x99fe3b1391503a1bc1788051347a1324bff41452
210,0xC0c293ce456fF0ED870ADd98a0828Dd4d2903DBF
211,0x4c19596f5aaff459fa38b0f7ed92f11ae6543784
212,0x42bbfa2e77757c645eeaad1655e0911a7553efbc
213,0x55296f69f40ea6d20e478533c15a6b08b654e758
214,0x57ab1ec28d129707052df4df418d58a2d46d5f51
215,0xcdcfc0f66c522fd086a1b725ea3c0eeb9f9e8814
216,0xb705268213d593b8fd88d3fdeff93aff5cbdcfae
217,0x476c5E26a75bd202a9683ffD34359C0CC15be0fF
218,0xba5bde662c17e2adff1075610382b9b691296350
219,0x7ddc52c4de30e94be3a6a0a2b259b2850f421989
220,0x91Af0fBB28ABA7E31403Cb457106Ce79397FD4E6
221,0xc5fb36dd2fb59d3b98deff88425a3f425ee469ed
222,0x419d0d8bdd9af5e606ae2232ed285aff190e711b
223,0xa62cc35625b0c8dc1faea39d33625bb4c15bd71c
224,0x89b69f2d1adffa9a253d40840b6baa7fc903d697
225,0xcb97e65f07da24d46bcdd078ebebd7c6e6e3d750
226,0x43Dfc4159D86F3A37A5A4B3D4580b888ad7d4DDd
227,0x888888848b652b3e3a0f34c96e00eec0f3a23f72
228,0xaaa9214f675316182eaa21c85f0ca99160cc3aaa
229,0xC22956c3CFeC3Ee9A9925abeE044F05Bc47f6632
230,0xad3e3fc59dff318beceaab7d00eb4f68b1ecf195
231,0x8D6CeBD76f18E1558D4DB88138e2DeFB3909fAD6
232,0xd3e4ba569045546d09cf021ecc5dfe42b1d7f6e4
233,0x580c8520deda0a441522aeae0f9f7a5f29629afa
234,0x8A7aDc1B690E81c758F1BD0F72DFe27Ae6eC56A5
235,0xff742d05420b6aca4481f635ad8341f81a6300c2
236,0xcca0c9c383076649604eE31b20248BC04FdF61cA
237,0x8207c1ffc5b6804f6024322ccf34f29c3541ae26
238,0x505b5eda5e25a67e1c24a2bf1a527ed9eb88bf04
239,0xCE3f08e664693ca792caCE4af1364D5e220827B2
240,0xa2120b9e674d3fc3875f415a7df52e382f141225
241,0x8806926Ab68EB5a7b909DcAf6FdBe5d93271D6e2
242,0xf1f955016EcbCd7321c7266BccFB96c68ea5E49b
243,0xb64ef51c888972c908cfacf59b47c1afbc0ab8ac
244,0x12bb890508c125661e03b09ec06e404bc9289040
245,0xc2544a32872a91f4a553b404c6950e89de901fdb
246,0x6399c842dd2be3de30bf99bc7d1bbf6fa3650e70
247,0x7d5121505149065b562c789a0145ed750e6e8cdd
248,0x4cc19356f2d37338b9802aa8e8fc58b0373296e7
249,0x53c8395465a84955c95159814461466053dedede
250,0x993864e43caa7f7f12953ad6feb1d1ca635b875f
251,0x4123a133ae3c521fd134d7b13a2dec35b56c2463
252,0xfd957f21bd95e723645c07c48a2d8acb8ffb3794
253,0x856c4Efb76C1D1AE02e20CEB03A2A6a08b0b8dC3
254,0xccc8cb5229b0ac8069c51fd58367fd1e622afd97
255,0x5e74c9036fb86bd7ecdcb084a0673efc32ea31cb
256,0xf4d2888d29d722226fafa5d9b24f9164c092421e
257,0xb23d80f5fefcddaa212212f028021b41ded428cf
258,0x8c543aed163909142695f2d2acd0d55791a9edb9
259,0x956F47F50A910163D8BF957Cf5846D573E7f87CA
260,0x656c00e1bcd96f256f224ad9112ff426ef053733
261,0x8f3470A7388c05eE4e7AF3d01D8C722b0FF52374
262,0x32353A6C91143bfd6C7d363B546e62a9A2489A20
263,0xe1bad922f84b198a08292fb600319300ae32471b
264,0x4161725d019690a3e0de50f6be67b07a86a9fae1
265,0x16eccfdbb4ee1a85a33f3a9b21175cd7ae753db4
266,0xbea0000029ad1c77d3d5d23ba2d8893db9d1efab
267,0xc9c32cd16bf7efb85ff14e0c8603cc90f6f2ee49
268,0x1bea0050e63e05fbb5d8ba2f10cf5800b6224449
269,0x1bea3ccd22f4ebd3d37d731ba31eeca95713716d
270,0x5ca381bbfb58f0092df149bd3d243b08b9a8386e
271,0xD8912C10681D8B21Fd3742244f44658dBA12264E
272,0xeec2be5c91ae7f8a338e1e5f3b5de49d07afdc81
273,0xea11755ae41d889ceec39a63e6ff75a02bc1c00d
274,0xe1A178B681BD05964d3e3Ed33AE731577d9d96dD
275,0x5870700f1272a1adbb87c3140bd770880a95e55d
276,0x0391D2021f89DC339F60Fff84546EA23E337750f
277,0x4575f41308EC1483f3d399aa9a2826d74Da13Deb
278,0xcfcecfe2bd2fed07a9145222e8a7ad9cf1ccd22a
279,0xd084b83c305dafd76ae3e1b4e1f1fe2ecccb3988
280,0x115ec79f1de567ec68b7ae7eda501b406626478e
281,0xe76C6c83af64e4C60245D8C7dE953DF673a7A33D
282,0xa2cd3d43c775978a96bdbf12d733d5a1ed94fb18
283,0x333000333b26eE30214B4af6419D9ab07a450400
284,0x41545f8b9472D758bB669ed8EaEEEcD7a9C4Ec29
285,0xdbdb4d16eda451d0503b854cf79d55697f90c8df
286,0x6c8c6b02e7b2be14d4fa6022dfd6d75921d90e4e
287,0x865ec58b06bf6305b886793aa20a2da31d034e68
288,0x89d24a6b4ccb1b6faa2625fe562bdd9a23260359
289,0xbbc2ae13b23d715c30720f079fcd9b4a74093505
290,0xb59490ab09a0f526cc7305822ac65f2ab12f9723
291,0x1ceb5cb57c4d4e2b2433641b95dd330a33185a44
292,0xe5b826ca2ca02f09c1725e9bd98d9a8874c30532
293,0x88df592f8eb5d7bd38bfef7deb0fbc02cf3778a0
294,0x0ff5a8451a839f5f0bb3562689d9a44089738d11
295,0x80fB784B7eD66730e8b1DBd9820aFD29931aab03
296,0x84cA8bc7997272c7CfB4D0Cd3D55cd942B3c9419
297,0xe80c0cd204d654cebe8dd64a4857cab6be8345a3
298,0x814e0908b12a99fecf5bc101bb5d0b8b5cdf7d26
299,0xa9b1eb5908cfc3cdf91f9b8b3a74108598009096
300,0xb6ee9668771a79be7967ee29a63d4184f8097143
301,0xec67005c4e498ec7f55e092bd1d35cbc47c91892
302,0x61e90a50137e1f645c9ef4a0d3a4f01477738406
303,0xd0929d411954c47438dc1d871dd6081f5c5e149c
304,0x9E976F211daea0D652912AB99b0Dc21a7fD728e4
305,0x6f40d4a6237c257fff2db00fa0510deeecd303eb
306,0x2a9bDCFF37aB68B95A53435ADFd8892e86084F93
307,0xd13cfd3133239a3c73a9e535a5c4dadee36b395c
308,0xd2ba23de8a19316a638dc1e7a9adda1d74233368
309,0x37e1160184f7dd29f00b78c050bf13224780b0b0
310,0x77fba179c79de5b7653f68b5039af940ada60ce0
311,0x5732046a883704404f284ce41ffadd5b007fd668
312,0x622dFfCc4e83C64ba959530A5a5580687a57581b
313,0x589891a198195061cb8ad1a75357a3b7dbadd7bc
314,0x410e731c2970Dce3AdD351064AcF5cE9E33FDBf0
315,0x8798249c2E607446EfB7Ad49eC89dD1865Ff4272
316,0xa2791bdf2d5055cda4d46ec17f9f429568275047
317,0x48c3399719b582dd63eb5aadf12a40b4c3f52fa2
318,0x4dc3643dbc642b72c158e7f3d2ff232df61cb6ce
319,0x73968b9a57c6e53d41345fd57a6e6ae27d6cdb2f
320,0xaaaaaa20d9e0e2461697782ef11675f668207961
321,0xcafe001067cdef266afb7eb5a286dcfd277f3de5
322,0x2a8e1e676ec238d8a992307b495b45b3feaa5e86
323,0x4b5f49487ea7b3609b1ad05459be420548789f1f
324,0x888666CA69E0f178DED6D75b5726Cee99A87D698
325,0x1a7e4e63778b4f12a199c062f3efdd288afcbce8
326,0x19062190b1925b5b6689d7073fdfc8c2976ef8cb
327,0x4375e7ad8a01b8ec3ed041399f62d9cd120e0063
328,0x80c62fe4487e1351b47ba49809ebd60ed085bf52
329,0x7c07f7abe10ce8e33dc6c5ad68fe033085256a84
330,0x8947da500eb47f82df21143d0c01a29862a8c3c5
331,0xaaef88cea01475125522e117bfe45cf32044e238
332,0x2ef52Ed7De8c5ce03a4eF0efbe9B7450F2D7Edc9
333,0x9ab7bb7fdc60f4357ecfef43986818a2a3569c62
334,0xD9Ec3ff1f8be459Bb9369b4E79e9Ebcf7141C093
335,0x986EE2B944c42D017F52Af21c4c69B84DBeA35d8
336,0x8f693ca8d21b157107184d29d398a8d082b38b76
337,0x8a854288a5976036a725879164ca3e91d30c6a1b
338,0xd31695a1d35e489252ce57b129fd4b1b05e6acac
339,0xf16e81dce15b08f326220742020379b855b87df9
340,0x27054b13b1b798b345b591a4d22e6562d47ea75a
341,0xC08512927D12348F6620a698105e1BAac6EcD911
342,0xD7EFB00d12C2c13131FD319336Fdf952525dA2af
343,0xd0352a019e9ab9d757776f532377aaebd36fd541
344,0x979aCA85bA37c675e78322ed5d97fa980B9Bdf00
345,0xb683d83a532e2cb7dfa5275eed3698436371cc9f
346,0xef3A930e1FfFFAcd2fc13434aC81bD278B0ecC8d
347,0x431ad2ff6a9c365805ebad47ee021148d6f7dbe0
348,0x21bfbda47a0b4b5b1248c767ee49f7caa9b23697
349,0xf09dea9375ecd3500c565973d21822f0383f1099
350,0x471Ea49dd8E60E697f4cac262b5fafCc307506e4
351,0x3be7bf1a5f23bd8336787d0289b70602f1940875
352,0x618e75ac90b12c6049ba3b27f5d5f8651b0037f6
353,0x06450dEe7FD2Fb8E39061434BAbCFC05599a6Fb8
354,0x362bc847A3a9637d3af6624EeC853618a43ed7D2
355,0xf5581dfefd8fb0e4aec526be659cfab1f8c781da
356,0xc5bddf9843308380375a611c18b50fb9341f502a
357,0xdddddd4301a082e62e84e43f474f044423921918
358,0x9389434852b94bbad4c8afed5b7bdbc5ff0c2275
359,0xc477d038d5420c6a9e0b031712f61c5120090de9
360,0x8b39b70e39aa811b69365398e0aace9bee238aeb
361,0xdab396ccf3d84cf2d07c4454e10c8a6f5b008d2b
362,0xc86d054809623432210c107af2e3f619dcfbf652
363,0xe884cc2795b9c45beeac0607da9539fd571ccf85
364,0x96e61422b6a9ba0e068b6c5add4ffabc6a4aae27
365,0x226bb599a12c826476e3a771454697ea52e9e220
366,0x9e46a38f5daabe8683e10793b06749eef7d733d1
367,0x3593d125a4f7849a1b059e64f4517a86dd60c95d
368,0x15b543e986b8c34074dfc9901136d9355a537e7e
369,0x56d811088235F11C8920698a204A5010a788f4b3
370,0xfd09911130e6930bf87f2b0554c44f400bd80d3e
371,0x17ef75aa22dd5f6c2763b8304ab24f40ee54d48a
372,0xdf801468a808a32656d2ed2d2d80b72a129739f4
373,0xee586e7eaad39207f0549bc65f19e336942c992f
374,0x3d658390460295fb963f54dc0899cfb1c30776df
375,0xadd5e881984783dd432f80381fb52f45b53f3e70
376,0x9506d37f70eb4c3d79c398d326c871abbf10521d
377,0xbd0793332e9fb844a52a205a233ef27a5b34b927
378,0x0202Be363B8a4820f3F4DE7FaF5224fF05943AB1
379,0x4c11249814f11b9346808179cf06e71ac328c1b5
380,0xc5bbae50781be1669306b9e001eff57a2957b09d
381,0x3ab6ed69ef663bd986ee59205ccad8a20f98b4c2
382,0x9fa69536d1cda4a04cfb50688294de75b505a9ae
383,0x66a0f676479Cee1d7373f3DC2e2952778BfF5bd6
384,0x818fc6c2ec5986bc6e2cbf00939d90556ab12ce5
385,0xf0f9d895aca5c8678f706fb8216fa22957685a13
386,0x243cacb4d5ff6814ad668c3e225246efa886ad5a
387,0x111111517e4929d3dcbdfa7cce55d30d4b6bc4d6
388,0xfe18be6b3bd88a2d2a7f928d00292e7a9963cfc6
389,0x2da719db753dfa10a62e140f436e1d67f2ddb0d6
390,0xEC213F83defB583af3A000B1c0ada660b1902A0F
391,0x96610186F3ab8d73EBEe1CF950C750f3B1Fb79C2
392,0x08d967bb0134f2d07f7cfb6e246680c53927dd30
393,0x8400d94a5cb0fa0d041a3788e395285d61c9ee5e
394,0x93ed3fbe21207ec2e8f2d3c3de6e058cb73bc04d
395,0x08c32b0726c5684024ea6e141c50ade9690bbdcc
396,0x584bC13c7D411c00c01A62e8019472dE68768430
397,0xe5dada80aa6477e85d09747f2842f7993d0df71c
398,0x00e856ee945a49bb73436e719d96910cd9d116a4
399,0xba386a4ca26b85fd057ab1ef86e3dc7bdeb5ce70
400,0x7d29a64504629172a429e64183d6673b9dacbfce
401,0x446c9033e7516d820cc9a2ce2d0b7328b579406f
402,0xfca59cd816ab1ead66534d82bc21e7515ce441cf
403,0xf938424f7210f31df2aee3011291b658f872e91e
404,0x5026F006B85729a8b14553FAE6af249aD16c9aaB
405,0xf8C3527CC04340b208C854E985240c02F7B7793f
406,0x4fbb350052bca5417566f188eb2ebce5b19bc964
407,0x626e8036deb333b408be468f951bdb42433cbf18
408,0x246908BfF0b1ba6ECaDCF57fb94F6AE2FcD43a77
409,0x0bb217e40f8a5cb79adf04e1aab60e5abd0dfc1e
410,0x3496b523e5c00a4b4150d6721320cddb234c3079
411,0x4b520c812e8430659fc9f12f6d0c39026c83588d
412,0xf5cfbc74057c610c8ef151a439252680ac68c6dc
413,0x970b9bb2c0444f5e81e9d0efb84c8ccdcdcaf84d
414,0xdd974d5c2e2928dea5f71b9825b8b646686bd200
415,0x5CAc718A3AE330d361e39244BF9e67AB17514CE8
416,0xcfb98637bcae43C13323EAa1731cED2B716962fD
417,0x43044f861ec040db59a7e324c40507addb673142
418,0x0de05f6447ab4d22c8827449ee4ba2d5c288379b
419,0x6f80310ca7f2c654691d1383149fa1a57d8ab1f8
420,0xa5f2211b9b8170f694421f2046281775e8468044
421,0xdef1ca1fb7fbcdc777520aa7f396b4e015f497ab
422,0x562E362876c8Aee4744FC2c6aaC8394C312d215d
423,0x49642110b712c1fd7261bc074105e9e44676c68f
424,0x2e9d63788249371f1dfc918a52f8d799f4a38c94
425,0xe1ca72ff3434b131765c62cbcbc26060f7aba03d
426,0x38c87aa89b2b8cd9b95b736e1fa7b612ea972169
427,0x1bf7fd22709733ccd7c45ab27dd02c7ec8e50078
428,0xfb5c6815ca3ac72ce9f5006869ae67f18bf77006
429,0xaDB2437e6F65682B85F814fBc12FeC0508A7B1D0
430,0xf418588522d5dd018b425e472991e52ebbeeeeee
431,0x0000000000095413afc295d19edeb1ad7b71c952
432,0xdf574c24545e5ffecb9a659c229253d4111d87e1
433,0x23b608675a2b2fb1890d3abbd85c5775c51691d5
434,0x41d5d79431a913c4ae7d69a668ecdfe5ff9dfb68
435,0x777fd20c983d6658c1d50b3958b3a1733d1cd1e1
436,0xb26C4B3Ca601136Daf98593feAeff9E0CA702a8D
437,0x697beac28b09e122c4332d163985e8a73121b97f
438,0x44108f0223A3C3028F5Fe7AEC7f9bb2E66beF82F
439,0x701c244b988a513c945973defa05de933b23fe1d
440,0x0d88ed6e74bbfd96b831231638b66c05571e824f
441,0x31f69de127c8a0ff10819c0955490a4ae46fcc2a
442,0x1ed81e03d7ddb67a21755d02ed2f24da71c27c55
443,0xeb4c2781e4eba804ce9a9803c67d0893436bb27d
444,0x8e6cd950ad6ba651f6dd608dc70e5886b1aa6b24
445,0xf920e4F3FBEF5B3aD0A25017514B769bDc4Ac135
446,0x8642a849d0dcb7a15a974794668adcfbe4794b56
447,0xb4371da53140417cbb3362055374b10d97e420bb
448,0x5d285f735998f36631f678ff41fb56a10a4d0429
449,0x0954906da0Bf32d5479e25f46056d22f08464cab
450,0x55af5865807b196bd0197e0902746f31fbccfa58
451,0x464ebe77c293e473b48cfe96ddcf88fcf7bfdac0
452,0xa36fdbbae3c9d55a1d67ee5821d53b50b63a1ab9
453,0x249ca82617ec3dfb2589c4c17ab7ec9765350a18
454,0xC17c30e98541188614dF99239cABD40280810cA3
455,0x1a3496c18d558bd9c6c8f609e1b129f67ab08163
456,0x2C974B2d0BA1716E644c1FC59982a89DDD2fF724
457,0xcccd1ba9f7acd6117834e0d28f25645decb1736a
458,0x3affcca64c2a6f4e3b6bd9c64cd2c969efd1ecbe
459,0x4f81c790581b240a5c948afd173620ecc8c71c8d
460,0x30d20208d987713f46dfd34ef128bb16c404d10f
461,0xe25bcec5d3801ce3a794079bf94adf1b8ccd802d
462,0x99ea4db9ee77acd40b119bd1dc4e33e1c070b80d
463,0x00813E3421E1367353BfE7615c7f7f133C89df74
464,0x03ab458634910aad20ef5f1c8ee96f1d6ac54919
465,0x89Ab32156e46F46D02ade3FEcbe5Fc4243B9AAeD
466,0xcf3c8be2e2c42331da80ef210e9b1b307c03d36a
467,0x8069080a922834460c3a092fb2c1510224dc066b
468,0xb98d4c97425d9908e66e53a6fdf673acca0be986
469,0x998FFE1E43fAcffb941dc337dD0468d52bA5b48A
470,0x3a880652f47bfaa771908c07dd8673a787daed3a
471,0xc770eefad204b5180df6a14ee197d99d808ee52d
472,0xfc979087305a826c2b2a0056cfaba50aad3e6439
473,0xe2dc070524a6e305ddb64d8513dc444b6a1ec845
474,0xe60779cc1b2c1d0580611c526a8df0e3f870ec48
475,0x5e3346444010135322268a4630d2ed5f8d09446c
476,0xfc0d6cf33e38bce7ca7d89c0e292274031b7157a
477,0xd38bb40815d2b0c2d2c866e0c72c5728ffc76dd9
478,0x52a8845df664d76c69d2eea607cd793565af42b8
479,0x20e7125677311fca903a8897042b9983f22ea295
480,0x549020a9Cb845220D66d3E9c6D9F9eF61C981102
481,0xc28e931814725bbeb9e670676fabbcb694fe7df2
482,0xde5ed76e7c05ec5e4572cfc88d1acea165109e44
483,0x06F3C323f0238c72BF35011071f2b5B7F43A054c
484,0x37fe0f067fa808ffbdd12891c0858532cfe7361d
485,0x72dd4b6bd852a3aa172be4d6c5a6dbec588cf131
486,0xc7c03b8a3fc5719066e185ea616e87b88eba44a3
487,0xe5a3229ccb22b6484594973a03a3851dcd948756
488,0xfad45e47083e4607302aa43c65fb3106f1cd7607
489,0xa02120696c7b8fe16c09c749e4598819b2b0e915
490,0xf293d23bf2cdc05411ca0eddd588eb1977e8dcd4
491,0xe20b9e246db5a0d21bf9209e4858bc9a3ff7a034
492,0x785c34312dfa6b74f6f1829f79ade39042222168
493,0xc6dddb5bc6e61e0841c54f3e723ae1f3a807260b
494,0x9625ce7753ace1fa1865a47aae2c5c2ce4418569
495,0x340d2bde5eb28c1eed91b2f790723e3b160613b7
496,0x1e0b2992079b620aa13a7c2e7c88d2e1e18e46e9
497,0xb9EF770B6A5e12E45983C5D80545258aA38F3B78
498,0xf59257E961883636290411c11ec5Ae622d19455e
499,0x0763fdCCF1aE541A5961815C0872A8c5Bc6DE4d7
500,0x77777feddddffc19ff86db637967013e6c6a116c
501,0x2Ab6Bb8408ca3199B8Fa6C92d5b455F820Af03c4
502,0xe0c05ec44775e4ad62cdc2eecdf337aa7a143363
503,0x2781246fe707bb15cee3e5ea354e2154a2877b16
504,0x1410434b0346f5be678d0fb554e5c7ab620f8f4a
505,0x4B1E80cAC91e2216EEb63e29B957eB91Ae9C2Be8
506,0x42d6622dece394b54999fbd73d108123806f6a18
507,0x31429d1856ad1377a8a0079410b297e1a9e214c2
508,0xb0ed33f79d89541dfdcb04a8f04bc2c6be025ecc
509,0xba3335588d9403515223f109edc4eb7269a9ab5d
510,0x2Ebd53d035150f328bd754D6DC66B99B0eDB89aa
511,0xe9a95d175a5f4c9369f3b74222402eb1b837693b
512,0x6a4c76874e686a7d080d173987a35a9c48905583
513,0x87d73E916D7057945c9BcD8cdd94e42A6F47f776
514,0xe65ee7c03bbb3c950cfd4895c24989afa233ef01
515,0x5a666c7d92e5fa7edcb6390e4efd6d0cdd69cf37
516,0x6bb61215298f296c55b19ad842d3df69021da2ef
517,0x738865301a9b7dd80dc3666dd48cf034ec42bdda
518,0x321c2fe4446c7c963dc41dd58879af648838f98d
519,0x9F52c8ecbEe10e00D9faaAc5Ee9Ba0fF6550F511
520,0x9dfad1b7102d46b1b197b90095b5c4e9f5845bba
521,0x44709a920fccf795fbc57baa433cc3dd53c44dbe
522,0xc5102fe9359fd9a28f877a67e36b0f050d81a3cc
523,0xbba39fd2935d5769116ce38d46a71bde9cf03099
524,0xaa19961b6b858d9f18a115f25aa1d98abc1fdba8
525,0xF4134146AF2d511Dd5EA8cDB1C4AC88C57D60404
526,0xF3A3023e6Dede84AD88a656A3269F2A36e83c9a9
527,0x08389495d7456e1951ddf7c3a1314a4bfb646d8b
528,0xc314b0e758d5ff74f63e307a86ebfe183c95767b
529,0x746dda2ea243400d5a63e0700f190ab79f06489e
530,0xca1207647Ff814039530D7d35df0e1Dd2e91Fa84
531,0xb7cb1c96db6b22b0d3d9536e0108d062bd488f74
532,0x92DF60c51C710a1b1C20E42D85e221f3A1bFc7f2
533,0xee573a945b01b788b9287ce062a0cfc15be9fd86
534,0x1e4746dc744503b53b4a082cb3607b169a289090
535,0x327682779bab2bf4d1337e8974ab9de8275a7ca8
536,0x1614f18fc94f47967a3fbe5ffcd46d4e7da3d787
537,0x0c572544a4ee47904d54aaa6a970af96b6f00e1b
538,0xeeaa40b28a2d1b0b08f6f97bb1dd4b75316c6107
539,0xD291E7a03283640FDc51b121aC401383A46cC623
540,0x9469d013805bffb7d3debe5e7839237e535ec483
541,0x7de91b204c1c737bcee6f000aaa6569cf7061cb7
542,0x1559fa1b8f28238fd5d76d9f434ad86fd20d1559
543,0xb9d99c33ea2d86ec5ec6b8a4dd816ebba64404af
544,0x686f2404e77ab0d9070a46cdfb0b7fecdd2318b0
545,0xd528cf2e081f72908e086f8800977df826b5a483
546,0x26c8afbbfe1ebaca03c2bb082e69d0476bffe099
547,0x954b890704693af242613edef1b603825afcd708
548,0x3aaDA3e213aBf8529606924d8D1c55CbDc70Bf74
549,0xc07A150ECAdF2cc352f5586396e344A6b17625EB
550,0xe8780b48bdb05f928697a5e8155f672ed91462f7
551,0x72b886d09c117654ab7da13a14d603001de0b777
552,0x038a68ff68c393373ec894015816e33ad41bd564
553,0xd4c435f5b09f855c3317c8524cb1f586e42795fa
554,0x06A01a4d579479Dd5D884EBf61A31727A3d8D442
555,0xe2f2a5c287993345a840db3b0845fbc70f5935a5
556,0x509A38b7a1cC0dcd83Aa9d06214663D9eC7c7F4a
557,0x2ecb13a8c458c379c4d9a7259e202de03c8f3d19
558,0x474021845c4643113458ea4414bdb7fb74a01a77
559,0x7c5a0ce9267ed19b22f8cae653f198e3e8daf098
560,0xC4C2614E694cF534D407Ee49F8E44D125E4681c4
561,0xe5caef4af8780e59df925470b050fb23c43ca68c
562,0x544c42fbb96b39b21df61cf322b5edc285ee7429
563,0x02de007d412266a2e0fa9287c103474170f06560
564,0x8a9c67fee641579deba04928c4bc45f66e26343a
565,0x777172d858dc1599914a1c4c6c9fc48c99a60990
566,0x4a527d8fc13c5203ab24ba0944f4cb14658d1db6
567,0x2e2364966267B5D7D2cE6CD9A9B5bD19d9C7C6A9
568,0x6758b7d441a9739b98552b373703d8d3d14f9e62
569,0xcd1faff6e578fa5cac469d2418c95671ba1a62fe
570,0x4c6ec08cf3fc987c6c4beb03184d335a2dfc4042
571,0xc9c4fd7579133701fa2769b6955e7e56bb386db1
572,0xa393473d64d2F9F026B60b6Df7859A689715d092
573,0xf4d861575ecc9493420a3f5a14f85b13f0b50eb3
574,0x1Fd097B75679a2896c007da75F4C74598A46bB7E
575,0x2f109021afe75b949429fe30523ee7c0d5b27207
576,0xbbbbbbb5aa847a2003fbc6b5c16df0bd1e725f61
577,0x6425c6be902d692ae2db752b3c268afadb099d3b
578,0x30dcba0405004cf124045793e1933c798af9e66a
579,0xd9016a907dc0ecfa3ca425ab20b6b785b42f2373
580,0x02c3296c6eb50249f290ae596f2be9454bffadab
581,0x298d492e8c1d909d3f63bc4a36c66c64acb3d695
582,0x671abbe5ce652491985342e85428eb1b07bc6c64
583,0x3Dd98C8A089dBCFF7e8FC8d4f532BD493501Ab7F
584,0x93190dbce9b9bd4aa546270a8d1d65905b5fdd28
585,0x6226e00bCAc68b0Fe55583B90A1d727C14fAB77f
586,0x8971f9fd7196e5cee2c1032b50f656855af7dd26
587,0x0d02755a5700414b26ff040e1de35d337df56218
588,0x94e496474f1725f1c1824cb5bdb92d7691a4f03a
589,0xb870679a7fa65b924026f496de7f27c1dd0e5c5f
590,0x8dbf9a4c99580fc7fd4024ee08f3994420035727
591,0xfdbc1adc26f0f8f8606a5d63b7d3a3cd21c22b23
592,0x728f30fa2f100742c7949d1961804fa8e0b1387d
593,0xD2e5decc08A80be6538F89f9AB8ff296e2f724Df
594,0x1796ae0b0fa4862485106a0de9b654efe301d0b2
595,0xde1e704dae0b4051e80dabb26ab6ad6c12262da0
596,0x905e337c6c8645263d3521205aa37bf4d034e745
597,0xb4272071ecadd69d933adcd19ca99fe80664fc08
598,0xb31ef9e52d94d4120eb44fe1ddfde5b4654a6515
599,0x2c9023bbc572ff8dc1228c7858a280046ea8c9e5
600,0x446F2A8A39Cc730ef378Be759A3c57f1a3fE824c
601,0x50f09629d0afdf40398a3f317cc676ca9132055c
602,0x108a850856db3f85d0269a2693d896b394c80325
603,0xebd9d99a3982d547c5bb4db7e3b1f9f14b67eb83
604,0xd794DD1CAda4cf79C9EebaAb8327a1B0507ef7d4
605,0xdb5c3c46e28b53a39c255aa39a411dd64e5fed9c
606,0xf17a3fe536f8f7847f1385ec1bc967b2ca9cae8d
607,0x2d0e95bd4795d7ace0da3c0ff7b706a5970eb9d3
608,0x6e109e9dd7fa1a58bc3eff667e8e41fc3cc07aef
609,0xfb130d93e49dca13264344966a611dc79a456bc5
610,0x3A8cCCB969a61532d1E6005e2CE12C200caeCe87
611,0x333A4823466879eeF910A04D473505da62142069
612,0x40fEd5691e547885cABd7A2990De719DCc8497FC
613,0xf3dcbc6d72a4e1892f7917b7c43b74131df8480e
614,0x6fc13eace26590b80cccab1ba5d51890577d83b2
615,0x73d7c860998ca3c01ce8c808f5577d94d545d1b4
616,0x8578530205cecbe5db83f7f29ecfeec860c297c2
617,0x16631e53c20fd2670027c6d53efe2642929b285c
618,0x41a3dba3d677e573636ba691a70ff2d606c29666
619,0x10633216e7e8281e33c86f02bf8e565a635d9770
620,0xe4cfe9eaa8cdb0942a80b7bc68fd8ab0f6d44903
621,0x6B9f031D718dDed0d681c20cB754F97b3BB81b78
622,0xcaa05e82bdcba9e25cd1a3bf1afb790c1758943d
623,0x9b25889c493ae6df34ceef1ecb10d77c1ba73318
624,0xd241d7b5cb0ef9fc79d9e4eb9e21f5e209f52f7d
625,0xaaaf91d9b90df800df4f55c205fd6989c977e73a
626,0xa499648fd0e80fd911972bbeb069e4c20e68bf22
627,0x16cda4028e9e872a38acb903176719299beaed87
628,0x7b6f71c8b123b38aa8099e0098bec7fbc35b8a13
629,0xADA86b1b313D1D5267E3FC0bB303f0A2b66D0Ea7
630,0x2791bfd60d232150bff86b39b7146c0eaaa2ba81
631,0xbc19712feb3a26080ebf6f2f7849b417fdd792ca
632,0xf001937650bb4f62b57521824b2c20f5b91bea05
633,0xaf4dce16da2877f8c9e00544c93b62ac40631f16
634,0xe0bceef36f3a6efdd5eebfacd591423f8549b9d5
635,0x013062189dc3dcc99e9cee714c513033b8d99e3c
636,0x68037790a0229e9ce6eaa8a99ea92964106c4703
637,0x4946fcea7c692606e8908002e55a582af44ac121
638,0x6100dd79fcaa88420750dcee3f735d168abcb771
639,0x3af33bef05c2dcb3c7288b77fe1c8d2aeba4d789
640,0x4fc15c91a9c4a9efb404174464687e8e128730c2
641,0xbad96ea5d43156a99a94cd1fd36a330aa7e2273e
642,0x120a3879da835a5af037bb2d1456bebd6b54d4ba
643,0x990f341946A3fdB507aE7e52d17851B87168017c
644,0xfe39e6a32acd2af7955cb3d406ba2b55c901f247
645,0xf85feea2fdd81d51177f6b8f35f0e6734ce45f5f
646,0xb17c88bda07d28b3838e0c1de6a30eafbcf52d85
647,0x73374Ea518De7adDD4c2B624C0e8B113955ee041
648,0x4156D3342D5c385a87D264F90653733592000581
649,0x9f9c8ec3534c3ce16f928381372bfbfbfb9f4d24
650,0xdfe66b14d37c77f4e9b180ceb433d1b164f0281d
651,0xe50365f5d679cb98a1dd62d6f6e58e59321bcddf
652,0x961C8c0B1aaD0c0b10a51FeF6a867E3091BCef17
653,0xc82e3db60a52cf7529253b4ec688f631aad9e7c2
654,0x630d98424efe0ea27fb1b3ab7741907dffeaad78
655,0x374cb8c27130e2c9e04f44303f3c8351b9de61c1
656,0x4463e6a3ded0dbe3f6e15bc8420dfc55e5fea830
657,0x419c4db4b9e25d6db2ad9691ccb832c8d9fda05e
658,0xffffffff2ba8f66d4e51811c5190992176930278
659,0xf519381791c03dd7666c142d4e49fd94d3536011
660,0x0b498ff89709d3838a063f1dfa463091f9801c2b
661,0x16484d73Ac08d2355F466d448D2b79D2039F6EBB
662,0x1b40183efb4dd766f11bda7a7c3ad8982e998421
663,0x8287c7b963b405b7b8d467db9d79eec40625b13a
664,0x34Be5b8C30eE4fDe069DC878989686aBE9884470
665,0xfb559ce67ff522ec0b9ba7f5dc9dc7ef6c139803
666,0x0cec1a9154ff802e7934fc916ed7ca50bde6844e
667,0x4f08705fb8f33affc231ed66e626b40e84a71870
668,0x6149c26cd2f7b5ccdb32029af817123f6e37df5b
669,0x0ec9f76202a7061eb9b3a7d6b59d36215a7e37da
670,0xb9bb08ab7e9fa0a1356bd4a39ec0ca267e03b0b3
671,0x26E1f9F817b3b5FC2146c01ae34826593E593962
672,0x64a60493d888728cf42616e034a0dfeae38efcf0
673,0xba8a621b4a54e61c442f5ec623687e2a942225ef
674,0xb753428af26e81097e7fd17f40c88aaa3e04902c
675,0x5ba19d656b65f1684cfea4af428c23b9f3628f97
676,0xacfa209fb73bf3dd5bbfb1101b9bc999c49062a5
677,0x054D64b73d3D8A21Af3D764eFd76bCaA774f3Bb2
678,0x56a86d648c435dc707c8405b78e2ae8eb4e60ba4
679,0xcB8fb2438A805664cD8c3e640b85AC473DA5BE87
680,0x4c327471C44B2dacD6E90525f9D629bd2e4f662C
681,0x519c1001d550c0a1dae7d1fc220f7d14c2a521bb
682,0x08f5a9235b08173b7569f83645d2c7fb55e8ccd8
683,0x02f61fd266da6e8b102d4121f5ce7b992640cf98
684,0x64b78325d7495D6d4be92f234fa3f3B8d8964B8b
685,0x1c9922314ed1415c95b9fd453c3818fd41867d0b
686,0xcfeb09c3c5f0f78ad72166d55f9e6e9a60e96eec
687,0x60be1e1fe41c1370adaf5d8e66f07cf1c2df2268
688,0x188e817b02e635d482ae4d81e25dda98a97c4a42
689,0xee9801669c6138e84bd50deb500827b776777d28
690,0xBd356a39BFf2cAda8E9248532DD879147221Cf76
691,0xa487bf43cf3b10dffc97a9a744cbb7036965d3b9
692,0x0AaCfbeC6a24756c20D41914F2caba817C0d8521
693,0xac3211a5025414af2866ff09c23fc18bc97e79b1
694,0x4bf4f2ea258bf5cb69e9dc0ddb4a7a46a7c10c53
695,0x50de6856358cc35f3a9a57eaaa34bd4cb707d2cd
696,0x6cacdb97e3fc8136805a9e7c342d866ab77d0957
697,0xcbfef8fdd706cde6f208460f2bf39aa9c785f05d
698,0xa3BeD4E1c75D00fa6f4E5E6922DB7261B5E9AcD2
699,0x2e95cea14dd384429eb3c4331b776c4cfbb6fcd9
700,0xb3319f5d18bc0d84dd1b4825dcde5d5f7266d407
701,0x4DF812F6064def1e5e029f1ca858777CC98D2D81
702,0xD23Ac27148aF6A2f339BD82D0e3CFF380b5093de
703,0x94E9EB8b5Ab9fd6B9ea3169D55FFAde62a01702e
704,0x7865af71cf0b288b4e7f654f4f7851eb46a2b7f8
705,0xA67E9F021B9d208F7e3365B2A155E3C55B27de71
706,0x6ff2241756549b5816a177659e766eaf14b34429
707,0xe3818504c1b32bf1557b16c238b2e01fd3149c17
708,0x84cffa78b2fbbeec8c37391d2b12a04d2030845e
709,0x765f0c16d1ddc279295c1a7c24b0883f62d33f75
710,0xFbEEa1C75E4c4465CB2FCCc9c6d6afe984558E20
711,0xed0439eacf4c4965ae4613d77a5c2efe10e5f183
712,0xf3e014fe81267870624132ef3a646b8e83853a96
713,0xae353daeed8dcc7a9a12027f7e070c0a50b7b6a4
714,0xf5238462e7235c7b62811567e63dd17d12c2eaa0
715,0xdaf88906ac1de12ba2b1d2f7bfc94e9638ac40c4
716,0x58f9102bf53cf186682bd9a281d3cd3c616eec41
717,0xc86817249634ac209bc73fca1712bbd75e37407d
718,0xdacD69347dE42baBfAEcD09dC88958378780FB62
719,0xe5feeac09d36b18b3fa757e5cf3f8da6b8e27f4c
720,0xc690f7c7fcffa6a82b79fab7508c466fefdfc8c5
721,0xad22f63404f7305e4713ccbd4f296f34770513f4
722,0x2c4f1df9c7de0c59778936c9b145ff56813f3295
723,0xdcd85914b8ae28c1e62f1c488e1d968d5aaffe2b
724,0x3c4bEa627039F0B7e7d21E34bB9C9FE962977518
725,0x87869a9789291a6cec99f3c3ef2ff71fceb12a8e
726,0x820802fa8a99901f52e39acd21177b0be6ee2974
727,0x1337def16f9b486faed0293eb623dc8395dfe46a
728,0x94e0bab2f6ab1f19f4750e42d7349f2740513ad5
729,0x0b4bdc478791897274652dc15ef5c135cae61e60
730,0x461733c17b0755ca5649b6db08b3e213fcf22546
731,0xc834fa996fa3bec7aad3693af486ae53d8aa8b50
732,0x4f878c0852722b0976a955d68b376e4cd4ae99e5
733,0x0db8d8b76bc361bacbb72e2c491e06085a97ab31
734,0x7bef710a5759d197ec0bf621c3df802c2d60d848
735,0x08d32b0da63e2C3bcF8019c9c5d849d7a9d791e6
736,0x155040625d7ae3e9cada9a73e3e44f76d3ed1409
737,0x107c4504cd79c5d2696ea0030a8dd4e92601b82e
738,0x1117ac6ad6cdf1a3bc543bad3b133724620522d5
739,0x3893b9422cd5d70a81edeffe3d5a1c6a978310bb
740,0x722f2f3eac7e9597c73a593f7cf3de33fbfc3308
741,0x12b19d3e2ccc14da04fae33e63652ce469b3f2fd
742,0x2f141ce366a2462f02cea3d12cf93e4dca49e4fd
743,0x0f71b8de197a1c84d31de0f1fa7926c365f052b3
744,0x60f5672a271c7e39e787427a18353ba59a4a3578
745,0xa7f976c360ebbed4465c2855684d1aae5271efa9
746,0x4a615bb7166210cce20e6642a6f8fb5d4d044496
747,0x554ffc77f4251a9fb3c0e3590a6a205f8d4e067d
748,0x9b99cca871be05119b2012fd4474731dd653febe
749,0x7d3cb11f8c13730c24d01826d8f2005f0e1b348f
750,0x6b193e107a773967bd821bcf8218f3548cfa2503
751,0xd07d9fe2d2cc067015e2b4917d24933804f42cfa
752,0xC48b4814fAEd1CCc885DD6fDe62A6474AeCbb19a
753,0xcdb37a4fbc2da5b78aa4e41a432792f9533e85cc
754,0xE1c7E30C42C24582888C758984f6e382096786bd
755,0x96A65609a7B84E8842732DEB08f56C3E21aC6f8a
756,0xB97048628DB6B661D4C2aA833e95Dbe1A905B280
757,0x29cbd0510eec0327992cd6006e63f9fa8e7f33b7
758,0x7f3edcdd180dbe4819bd98fee8929b5cedb3adeb
759,0xcd2828fc4d8e8a0ede91bb38cf64b1a81de65bf6
760,0xfb782396c9b20e564a64896181c7ac8d8979d5f4
761,0xf8b358b3397a8ea5464f8cc753645d42e14b79ea
762,0xa64d5d1eb67748226d84812b45711453f1118c32
763,0xa44e5137293e855b1b7bc7e2c6f8cd796ffcb037
764,0x8ee325ae3e54e83956ef2d5952d3c8bc1fa6ec27
765,0x3330bfb7332ca23cd071631837dc289b09c33333
766,0xE7f58A92476056627f9FdB92286778aBd83b285F
767,0xe1d7c7a4596b038ced2a84bf65b8647271c53208
768,0xaf9f549774ecedbd0966c52f250acc548d3f36e5
769,0x317eb4ad9cfac6232f0046831322e895507bcbeb
770,0xc741f06082aa47f93729070ad0dd95e223bda091
771,0xedd7c94fd7b4971b916d15067bc454b9e1bad980
772,0xe7ae6d0c56cacaf007b7e4d312f9af686a9e9a04
773,0x4c2e59d098df7b6cbae0848d66de2f8a4889b9c3
774,0xdd16ec0f66e54d453e6756713e533355989040e4
775,0xa41f142b6eb2b164f8164cae0716892ce02f311f
776,0x2BA8349123de45E931a8C8264c332E6e9CF593F9
777,0xbbff34e47e559ef680067a6b1c980639eeb64d24
778,0xd4fa1460f537bb9085d22c7bccb5dd450ef28e3a
779,0x0e69d0a2bbb30abcb7e5cfea0e4fde19c00a8d47
780,0x4f3afec4e5a3f2a6a1a411def7d7dfe50ee057bf
781,0x8b3870df408ff4d7c3a26df852d41034eda11d81
782,0xDF347911910b6c9A4286bA8E2EE5ea4a39eB2134
783,0x0aee8703d34dd9ae107386d3eff22ae75dd616d1
784,0xca0e7269600d353f70b14ad118a49575455c0f2f
785,0x6781a0f84c7e9e846dcb84a9a5bd49333067b104
786,0x3d6f0dea3ac3c607b3998e6ce14b6350721752d9
787,0x1f36fb2d91d9951cf58ae4c1956c0b77e224f1e9
788,0x08711d3b02c8758f2fb3ab4e80228418a7f8e39c
789,0x2f4eb47A1b1F4488C71fc10e39a4aa56AF33Dd49
790,0x24c19f7101c1731b85f1127eaa0407732e36ecdd
791,0x83e9f223e1edb3486f876ee888d76bfba26c475a
792,0xf0ee6b27b759c9893ce4f094b49ad28fd15a23e4
793,0xb6ed7644c69416d67b522e20bc294a9a9b405b31
794,0x0d8ca4b20b115d4da5c13dc45dd582a5de3e78bf
795,0x51db5ad35c671a87207d88fc11d593ac0c8415bd
796,0xa41161af8d4ee421ba5fed4328f2b12034796a21
797,0x6e9730ecffbed43fd876a264c982e254ef05a0de
798,0x3c8D2FCE49906e11e71cB16Fa0fFeB2B16C29638
799,0xfac77a24e52b463ba9857d6b758ba41ae20e31ff
800,0x8CC0F052fff7eaD7f2EdCCcaC895502E884a8a71
801,0x5f0e628b693018f639d10e4a4f59bd4d8b2b6b44
802,0x9f7229aF0c4b9740e207Ea283b9094983f78ba04
803,0xd502f487e1841fdc805130e13eae80c61186bc98
804,0xf970b8e36e23f7fc3fd752eea86f8be8d83375a6
805,0x8ae4bf2c33a8e667de34b54938b0ccd03eb8cc06
806,0x155ff1A85F440EE0A382eA949f24CE4E0b751c65
807,0x5218E472cFCFE0b64A064F055B43b4cdC9EfD3A6
808,0xc55c2175e90a46602fd42e931f62b3acc1a013ca
809,0xd567b5f02b9073ad3a982a099a23bf019ff11d1c
810,0xcbcc0f036ed4788f63fc0fee32873d6a7487b908
811,0xfAE4Ee59CDd86e3Be9e8b90b53AA866327D7c090
812,0x68d57c9a1c35f63e2c83ee8e49a64e9d70528d25
813,0x5eeaa2dcb23056f4e8654a349e57ebe5e76b5e6e
814,0x78b7fada55a64dd895d8c8c35779dd8b67fa8a05
815,0xcd7492db29e2ab436e819b249452ee1bbdf52214
816,0xfeea0bdd3d07eb6fe305938878c0cadbfa169042
817,0xf9c53268e9de692ae1b2ea5216e24e1c3ad7cb1e
818,0xF063fE1aB7a291c5d06a86e14730b00BF24cB589
819,0xe692c8d72bd4ac7764090d54842a305546dd1de5
820,0xd0660cd418a64a1d44e9214ad8e459324d8157f1
821,0x687174f8c49ceb7729d925c3a961507ea4ac7b28
822,0x1735db6ab5baa19ea55d0adceed7bcdc008b3136
823,0x8e0fe2947752be0d5acf73aae77362daf79cb379
824,0x0cdf9acd87e940837ff21bb40c9fd55f68bba059
825,0x68AA3F232dA9bdC2343465545794ef3eEa5209BD
826,0x8c6Fa66c21aE3fC435790E451946a9Ea82E6e523
827,0x8bbe1a2961B41340468D0548c2cd5B7DFA9b684c
828,0x45448e05020576929fcdeabc228e35b420098840
829,0x009c43b42aefac590c719e971020575974122803
830,0x798d1be841a82a273720ce31c822c61a67a601c3
831,0x48c276e8d03813224bb1e55f953adb6d02fd3e02
832,0xaecc217a749c2405b5ebc9857a16d58bdc1c367f
833,0x9Ed8e7C9604790F7Ec589F99b94361d8AAB64E5E
834,0x4674a4f24c5f63d53f22490fb3a08eaaad739ff8
835,0x525ef76138bf76118d786dbedeae5f87aabf4a81
836,0x8db1d28ee0d822367af8d220c0dc7cb6fe9dc442
837,0xa0cf46eb152656c7090e769916eb44a138aaa406
838,0x9ab165d795019b6d8b3e971dda91071421305e5a
839,0x5de597849cf72c72f073e9085bdd0dadd8e6c199
840,0xcaaa93712bdac37f736c323c93d4d5fdefcc31cc
841,0xb26631c6dda06ad89b93c71400d25692de89c068
842,0xfc05987bd2be489accf0f509e44b0145d68240f7
843,0x0e22734e078d6e399bcee40a549db591c4ea46cb
844,0xddf7fd345d54ff4b40079579d4c4670415dbfd0a
845,0xe8663a64a96169ff4d95b4299e7ae9a76b905b31
846,0x69fa0fee221ad11012bab0fdb45d444d3d2ce71c
847,0xeb986DA994E4a118d5956b02d8b7c3C7CE373674
848,0x92e52a1a235d9a103d970901066ce910aacefd37
849,0x104f3152d8ebfc3f679392977356962ff36566ac
850,0x6b1a8f210ec6b7b6643cea3583fb0c079f367898
851,0xad32A8e6220741182940c5aBF610bDE99E737b2D
852,0x888888888889c00c67689029d7856aac1065ec11
853,0x0ada190c81b814548ddc2f6adc4a689ce7c1fe73
854,0x9f7fc686cfd64aa5ae15b351d03071e91533094b
855,0x7815bda662050d84718b988735218cffd32f75ea
856,0xffe02ee4c69edf1b340fcad64fbd6b37a7b9e265
857,0x103c3A209da59d3E7C4A89307e66521e081CFDF0
858,0xea54c81fe0f72de8e86b6dc78a9271aa3925e3b5
859,0x377d552914e7a104bc22b4f3b6268ddc69615be7
860,0xf04a8ac553fcedb5ba99a64799155826c136b0be
861,0x1c48f86ae57291f7686349f12601910bd8d470bb
862,0x10be9a8dae441d276a5027936c3aaded2d82bc15
863,0x0E29e5AbbB5FD88e28b2d355774e73BD47dE3bcd
864,0x30f271C9E86D2B7d00a6376Cd96A1cFBD5F0b9b3
865,0xe477292f1b3268687a29376116b0ed27a9c76170
866,0xe530441f4f73bdb6dc2fa5af7c3fc5fd551ec838
867,0xbf8fb919a8bbf28e590852aef2d284494ebc0657
868,0xdd94842c15abfe4c9bafe4222ade02896beb064c
869,0x6c936d4ae98e6d2172db18c16c4b601c99918ee6
870,0x13119e34e140097a507b07a5564bde1bc375d9e6
871,0x8a1e3930fde1f151471c368fdbb39f3f63a65b55
872,0xc1f976b91217e240885536af8b63bc8b5269a9be
873,0xd6929179d752d5d25c5efe2d9729eb77d7138a80
874,0x196f4727526eA7FB1e17b2071B3d8eAA38486988
875,0x24da31e7bb182cb2cabfef1d88db19c2ae1f5572
876,0x5d65D971895Edc438f465c17DB6992698a52318D
877,0xdc5864ede28bd4405aa04d93e05a0531797d9d59
878,0x969786c4a8884013d1c9ff18dcca2aedbbbfaa8f
879,0x32d74896f05204d1b6ae7b0a3cebd7fc0cd8f9c7
880,0x8f0921f30555624143d427b340b1156914882c10
881,0x846c66cf71c43f80403b51fe3906b3599d63336f
882,0xea097a2b1db00627b2fa17460ad260c016016977
883,0x0a50c93c762fdd6e56d86215c24aaad43ab629aa
884,0xc27a2f05fa577a83ba0fdb4c38443c0718356501
885,0x558ec3152e2eb2174905cd19aea4e34a23de9ad6
886,0x6710c63432a2de02954fc0f851db07146a6c0312
887,0x4f640f2529ee0cf119a2881485845fa8e61a782a
888,0xCdeee767beD58c5325f68500115d4B722b3724EE
889,0x255aa6df07540cb5d3d297f0d0d4d84cb52bc8e6
890,0x0b5326da634f9270fb84481dd6f94d3dc2ca7096
891,0x0f7F961648aE6Db43C75663aC7E5414Eb79b5704
892,0x00aba6fe5557de1a1d565658cbddddf7c710a1eb
893,0x5552e5a89a70cb2ef5adbbc45a6be442fe7160ec
894,0xf34b1db61aca1a371fe97bad2606c9f534fb9d7d
895,0x1f8a626883d7724dbd59ef51cbd4bf1cf2016d13
896,0x9b110Fda4E20DB18Ad7052f8468a455de7449eb6
897,0xea3983fc6d0fbbc41fb6f6091f68f3e08894dc06
898,0x28b5e12cce51f15594b0b91d5b5adaa70f684a02
899,0xa0bEd124a09ac2Bd941b10349d8d224fe3c955eb
900,0x78a2a1029e3168b49d3a276c787050ff5106dcf2
901,0xdf49c9f599a0a9049d97cff34d0c30e468987389
902,0x3505f494c3f0fed0b594e01fa41dd3967645ca39
903,0x3ec8798b81485a254928b70cda1cf0a2bb0b74d7
904,0xf680429328caaacabee69b7a9fdb21a71419c063
905,0xff19138b039d938db46bdda0067dc4ba132ec71c
906,0x0Ae055097C6d159879521C384F1D2123D1f195e6
907,0x44f262622248027f8e2a8fb1090c4cf85072392c
908,0x13c2fab6354d3790d8ece4f0f1a3280b4a25ad96
909,0xa5ef74068d04ba0809b7379dd76af5ce34ab7c57
910,0x4bbbc57af270138ef2ff2c50dbfad684e9e0e604
911,0xd7f0cc50ad69408ae58be033f4f85d2367c2e468
912,0x80ce3027a70e0a928d9268994e9b85d03bd4cdcf
913,0x24E3794605C84E580EEA4972738D633E8a7127c8
914,0x0947b0e6d821378805c9598291385ce7c791a6b2
915,0xe469c4473af82217b30cf17b10bcdb6c8c796e75
916,0x2ccbff3a042c68716ed2a2cb0c544a9f1d1935e1
917,0x2e7b0d4f9b2eaf782ed3d160e3a0a4b1a7930ada
918,0x3d1ba9be9f66b8ee101911bc36d3fb562eac2244
919,0xee1edd77f16b7867e026a4d32ef45dac852da61f
920,0xad996a45fd2373ed0b10efa4a8ecb9de445a4302
921,0x7d4b8cce0591c9044a22ee543533b72e976e36c3
922,0x910dfc18d6ea3d6a7124a6f8b5458f281060fa4c
923,0xD23367155B55d67492DFDC0FC7f8bB1dF7114fD9
924,0x01597e397605bf280674bf292623460b4204c375
925,0x6ec8a24cabdc339a06a172f8223ea557055adaa5
926,0x2e1E15C44Ffe4Df6a0cb7371CD00d5028e571d14
927,0x9af839687f6c94542ac5ece2e317daae355493a1
928,0x999967e2ec8a74b7c8e9db19e039d920b31d39d0
929,0xaf691508ba57d416f895e32a1616da1024e882d2
930,0x4092678e4e78230f46a1534c0fbc8fa39780892b
931,0xa150Db9b1Fa65b44799d4dD949D922c0a33Ee606
932,0xc36b4311B21Fc0c2eAd46f1eA6ce97c9C4D98D3d
933,0x9040e237c3bf18347bb00957dc22167d0f2b999d
934,0xd0d6d6c5fe4a677d343cc433536bb717bae167dd
935,0x0f8c45b896784a1e408526b9300519ef8660209c
936,0x048fe49be32adfc9ed68c37d32b5ec9df17b3603
937,0xb0e1fc65c1a741b4662b813eb787d369b8614af1
938,0xc813EA5e3b48BEbeedb796ab42A30C5599b01740
939,0x2c4e8f2d746113d0696ce89b35f0d8bf88e0aeca
940,0xf3db5fa2c66b7af3eb0c0b782510816cbe4813b8
941,0x37e8789bb9996cac9156cd5f5fd32599e6b91289
942,0x3136ef851592acf49ca4c825131e364170fa32b3
943,0x8716fc5da009d3a208f0178b637a50f4ef42400f
944,0x55fb228730ed971269ebf284c7500d5ff572a141
945,0xd82df0abd3f51425eb15ef7580fda55727875f14
946,0x2bba3cf6de6058cc1b4457ce00deb359e2703d7f
947,0x00a35fd824c717879bf370e70ac6868b95870dfb
948,0x3a1bda28adb5b0a812a7cf10a1950c920f79bcd3
949,0x41dbecc1cdc5517c6f76f6a6e836adbee2754de3
950,0xbebdab6da046bc49ffbb61fbd7b33157eb270d05
951,0x62dc4817588d53a056cbbd18231d91ffccd34b2a
952,0xd49ff13661451313ca1553fd6954bd1d9b6e02b9
953,0x035df12e0f3ac6671126525f1015e47d79dfeddf
954,0xaec2e87e0a235266d9c5adc9deb4b2e29b54d009
955,0x4824a7b64e3966b0133f4f4ffb1b9d6beb75fff7
956,0x55a290f08Bb4CAe8DcF1Ea5635A3FCfd4Da60456
957,0x5d48f293baed247a2d0189058ba37aa238bd4725
958,0x5f018e73C185aB23647c82bD039e762813877f0e
959,0x7dee45dff03ec7137979586ca20a2f4917bac9fa
960,0x4CF488387F035FF08c371515562CBa712f9015d4
961,0x15bda08c3afbf5955d6e9b235fd55a1fd0dbc829
962,0xe8ff5c9c75deb346acac493c463c8950be03dfba
963,0x50bC2Ecc0bfDf5666640048038C1ABA7B7525683
964,0x3ebb4a4e91ad83be51f8d596533818b246f4bee1
965,0x006bea43baa3f7a6f765f14f10a1a1b08334ef45
966,0x40395044Ac3c0C57051906dA938B54BD6557F212
967,0x8d5682941ce456900b12d47ac06a88b47c764ce1
968,0x4ee438be38f8682abb089f2bfea48851c5e71eaf
969,0xea38eaa3c86c8f9b751533ba2e562deb9acded40
970,0x9b4e2b4b13d125238aa0480dd42b4f6fc71b37cc
971,0xfe5f141bf94fe84bc28ded0ab966c16b17490657
972,0x3449fc1cd036255ba1eb19d65ff4ba2b8903a69a
973,0x001a8ffcb0f03e99141652ebcdecdb0384e3bd6c
974,0x539efe69bcdd21a83efd9122571a64cc25e0282b
975,0x36905fc93280f52362a1cbab151f25dc46742fb5
976,0xfe76be9cec465ed3219a9972c21655d57d21aec6
977,0x69beab403438253f13b6e92db91f7fb849258263
978,0x33e07f5055173cf8febede8b21b12d1e2b523205
979,0x6bba316c48b49bd1eac44573c5c871ff02958469
980,0x5adc961d6ac3f7062d2ea45fefb8d8167d44b190
981,0xb9e7f8568e08d5659f5d29c4997173d84cdf2607
982,0x89020f0D5C5AF4f3407Eb5Fe185416c457B0e93e
983,0xC0Eb85285d83217CD7c891702bcbC0FC401E2D9D
984,0xa823e6722006afe99e91c30ff5295052fe6b8e32
985,0xbc647aad10114b89564c0a7aabe542bd0cf2c5af
986,0x7995ab36bb307afa6a683c24a25d90dc1ea83566
987,0x4a8f5f96d5436e43112c2fbc6a9f70da9e4e16d4
988,0xc0f9bd5fa5698b6505f643900ffa515ea5df54a9
989,0xb5dbc6d3cf380079df3b27135664b6bcf45d1869
990,0x499a6b77bc25c26bcf8265e2102b1b3dd1617024
991,0x63f584fa56e60e4d0fe8802b27c7e6e3b33e007f
992,0xff75ced57419bcaebe5f05254983b013b0646ef5
993,0x459086f2376525bdceba5bdda135e4e9d3fef5bf
994,0x943ed852dadb5c3938ecdc6883718df8142de4c8
995,0x1a7a8bd9106f2b8d977e08582dc7d24c723ab0db
996,0xC4F521d163d593A759F526DaBf012Cc7581D808F
997,0xf278c1ca969095ffddded020290cf8b5c424ace2
998,0xf14922001a2fb8541a433905437ae954419c2439
999,0x14c926f2290044b647e1bf2072e67b495eff1905
1000,0xbd100d061e120b2c67a24453cf6368e63f1be056
